N,종목명,현재가,전일비변동,전일비,등락률,액면가,거래량,거래대금,매수호가,시가총액,영업이익,PER,전일거래량,시가,매도호가,자산총계,영업이익증가율,ROE,고가,매수총잔량,부채총계,당기순이익,외국인비율,ROA,저가,매도총잔량,상장주식수,매출액,주당순이익,PBR,보통주배당금,매출액증가율
1,알테오젠,"403,500",하락,"7,000",-1.71%,500,"37,020","14,982",0,"215,731",254,172.66,"478,494","406,500",0,"4,090",360.91,29.52,"409,000",0,"1,349",607,14.98,18.25,"401,500",0,"53,465","1,029","2,337",58.86,0,6.56
2,에코프로비엠,"94,900",하락,"2,600",-2.67%,500,"56,185","5,360",0,"92,813",-341,-100.00,"1,006,498","96,800",0,"43,237",-121.86,-6.26,"96,800",0,"23,466",-585,11.62,-1.35,"94,400",0,"97,801","27,668",-949,5.47,N/A,-59.91
3,HLB,"52,800",하락,600,-1.12%,500,"37,563","1,986",0,"69,392","-1,185",-36.74,"587,295","52,900",0,"8,874",5.21,-16.33,"53,200",0,"2,353","-1,080",21.02,-13.22,"52,700",0,"131,425",681,"-1,437",13.48,0,58.80
4,에코프로,"43,850",하락,950,-2.12%,100,"125,306","5,505",0,"59,538","-2,930",-33.94,"1,236,590","44,550",0,"81,383",-198.28,-12.57,"44,700",0,"42,998","-2,954",21.29,-3.76,"43,550",0,"135,776","31,279","-1,292",3.74,100,-56.92
5,레인보우로보틱스,"285,500",하락,"3,500",-1.21%,500,"16,935","4,879",0,"55,387",-30,"6,963.41","154,871","291,000",0,"1,399",93.32,1.62,"291,500",0,71,21,7.85,1.57,"284,500",0,"19,400",193,41,41.96,N/A,26.80
6,파마리서치,"523,000",보합,0,0.00%,500,0,0,0,"54,965","1,261",51.98,"96,596","523,000",0,"8,557",36.63,18.93,"523,000",0,"2,863",889,18.15,12.79,"523,000",0,"10,510","3,501","10,061",10.72,"1,100",34.14
7,휴젤,"376,000",하락,500,-0.13%,500,"3,938","1,475",0,"46,263","1,662",32.65,"82,140","373,000",0,"9,394",41.13,17.51,"379,500",0,986,"1,431",55.20,15.32,"370,500",0,"12,304","3,730","11,517",4.82,0,16.69
8,펩트론,"194,800",상승,"2,200",+1.14%,500,"14,900","2,914",0,"45,383",-165,-197.37,"300,614","196,300",0,"1,689",-4.05,-23.46,"196,500",0,172,-220,6.31,-19.91,"194,500",0,"23,297",32,-987,30.49,N/A,-5.68
9,리가켐바이오,"115,800",하락,"1,600",-1.36%,500,"28,642","3,344",0,"42,395",-209,170.29,"379,763","118,500",0,"7,384",74.12,2.04,"118,600",0,"1,224",78,11.39,1.68,"115,600",0,"36,610","1,259",680,7.18,N/A,268.71
10,클래시스,"61,200",하락,200,-0.33%,100,"29,281","1,797",0,"40,089","1,224",39.01,"535,196","61,000",0,"6,084",36.62,26.54,"61,800",0,"1,557",975,72.06,19.83,"61,000",0,"65,506","2,429","1,569",8.56,257,34.87
11,삼천당제약,"165,800",하락,"3,200",-1.89%,500,"18,424","3,073",0,"38,892",26,-335.63,"296,678","168,000",0,"5,198",-72.36,-4.49,"170,400",0,"1,704",-51,3.17,-1.10,"165,700",0,"23,457","2,109",-494,14.72,200,9.48
12,에이비엘바이오,"77,700",하락,"2,300",-2.87%,500,"93,067","7,332",0,"37,706",-594,-56.67,"684,040","79,900",0,"2,320","-2,168.82",-46.01,"80,100",0,647,-555,14.60,-28.32,"77,600",0,"48,528",334,"-1,371",29.50,N/A,-49.04
13,리노공업,"49,050",상승,50,+0.10%,100,"27,976","1,375",0,"37,382","1,242",30.64,"550,729","49,000",0,"6,574",8.59,19.21,"49,500",0,348,"1,133",35.31,18.27,"48,850",0,"76,212","2,782","1,601",6.14,600,8.85
14,실리콘투,"55,700",상승,300,+0.54%,500,"138,951","7,780",0,"34,073","1,376",25.35,"3,428,463","56,600",0,"4,578",187.76,60.90,"56,600",0,"1,962","1,207",7.70,35.88,"55,100",0,"61,172","6,915","2,197",11.16,N/A,101.69
15,에스엠,"138,500",상승,"1,000",+0.73%,500,"8,598","1,192",0,"31,709",873,12.73,"265,860","137,500",0,"14,191",-23.06,2.64,"39,400",0,764,-338,3.79,-18.92,"38,750",0,"81,601",51,-454,17.26,0,36.90
16,코오롱티슈진,"38,800",하락,600,-1.52%,0,"13,483",526,0,"31,661",-220,-85.46,"200,959","39,400",0,"2,223",-7.28,-25.91,"139,300",0,"5,900",8,24.97,0.06,"137,500",0,"22,895","9,897","10,881",3.49,400,2.98
17,젬백스,"68,000",상승,700,+1.04%,500,"38,586","2,657",0,"28,156",-383,-44.18,"586,770","69,500",0,"1,507",-387.24,-127.30,"69,800",0,"1,217",-872,6.39,-61.01,"67,900",0,"41,406",627,"-1,539",66.58,0,-13.18
18,JYP Ent.,"77,500",상승,100,+0.13%,500,"17,445","1,355",0,"27,538","1,283",20.34,"421,162","77,500",0,"6,788",-24.30,22.41,"78,200",0,"1,959",977,22.11,15.63,"77,400",0,"35,532","6,018","3,811",4.83,534,6.23
19,펄어비스,"39,750",상승,850,+2.19%,100,"24,555",979,0,"25,539",-123,53.14,"399,765","39,550",0,"11,428",24.82,7.88,"40,150",0,"3,368",603,7.58,5.12,"39,500",0,"64,248","3,424",748,3.02,N/A,2.67
20,신성델타테크,"86,400",상승,"13,900",+19.17%,500,"167,112","14,574",0,"23,746",272,"-1,878.26","1,392,725","86,000",0,"7,741",-9.01,-0.48,"90,000",0,"4,568",74,7.33,1.02,"85,500",0,"27,484","9,097",-46,11.20,120,9.12
21,HPSP,"28,000",하락,500,-1.75%,500,"50,821","1,437",0,"23,380",939,29.05,"1,822,288","28,350",0,"3,199",-1.32,31.09,"28,450",0,420,863,21.81,26.94,"28,000",0,"83,499","1,814",964,9.15,600,1.29
22,셀트리온제약,"50,700",하락,200,-0.39%,500,"9,462",481,0,"22,145",372,80.86,"115,810","51,100",0,"6,695",3.19,5.68,"51,500",0,"2,725",220,4.68,3.35,"50,300",0,"43,679","4,778",627,5.48,24,22.90
23,파크시스템스,"268,000",보합,0,0.00%,500,"2,002",534,0,"18,733",385,34.01,"30,709","265,500",0,"2,743",39.80,25.83,"270,000",0,864,428,32.92,17.99,"264,500",0,"6,990","1,751","7,881",9.28,500,20.89
24,이오테크닉스,"152,000",상승,"3,600",+2.43%,500,"23,326","3,581",0,"18,726",312,40.16,"92,590","153,000",0,"6,530",0.84,7.43,"155,100",0,500,427,21.11,6.75,"151,500",0,"12,320","3,209","3,785",3.04,500,1.46
25,네이처셀,"28,650",하락,150,-0.52%,500,"23,428",672,0,"18,461",6,"-9,550.00","571,058","28,550",0,720,105.82,1.95,"29,000",0,74,12,7.41,1.75,"28,550",0,"64,435",323,-3,29.03,0,67.09
26,보로노이,"99,700",하락,300,-0.30%,500,"7,846",784,0,"18,333",-179,-45.07,"116,952","101,000",0,640,-65.09,-96.66,"101,000",0,297,-199,4.17,-38.23,"99,000",0,"18,388",98,"-2,212",33.82,0,-33.93
27,케어젠,"33,950",하락,200,-0.59%,100,"7,819",267,0,"18,236",342,58.43,"90,769","33,850",0,"2,407",-15.18,14.35,"34,500",0,177,323,5.03,13.24,"33,850",0,"53,715",826,581,7.83,640,4.26
28,씨젠,"33,850",상승,450,+1.35%,500,"15,327",515,0,"17,678",-165,165.93,"326,372","33,350",0,"12,053",45.17,-2.03,"33,950",0,"2,238",-203,15.99,-1.65,"33,300",0,"52,226","4,143",204,1.56,800,12.76
29,CJ ENM,"78,500",상승,"2,400",+3.15%,"5,000","7,682",605,0,"17,214","1,045",-3.13,"154,490","78,900",0,"93,166",815.59,-16.69,"79,500",0,"56,386","-5,808",17.02,-6.03,"78,300",0,"21,929","52,314","-25,100",0.60,N/A,19.76
30,에스티팜,"82,500",하락,500,-0.60%,500,"7,472",616,0,"16,626",277,55.41,"133,361","83,000",0,"7,219",-17.36,7.82,"83,500",0,"2,189",325,6.15,4.65,"82,000",0,"20,153","2,738","1,489",3.36,500,-3.94
31,와이지엔터테인먼트,"88,200",상승,100,+0.11%,500,"10,682",942,0,"16,486",-206,70.62,"179,249","88,000",0,"7,343",-123.65,3.90,"88,700",0,"1,311",200,14.60,2.71,"87,900",0,"18,691","3,649","1,249",3.37,250,-35.88
32,스튜디오드래곤,"54,300",상승,100,+0.18%,500,"5,729",313,0,"16,322",364,104.22,"214,831","54,800",0,"9,255",-34.86,4.63,"55,000",0,"1,859",335,12.86,3.32,"54,300",0,"30,058","5,501",521,2.21,N/A,-26.96
33,동진쎄미켐,"30,700",하락,50,-0.16%,500,"42,375","1,312",0,"15,784","2,082",10.28,"483,872","31,200",0,"20,170",18.19,17.17,"31,300",0,"9,966","1,435",9.80,7.92,"30,700",0,"51,414","14,081","2,986",1.54,200,7.50
34,브이티,"42,550",하락,50,-0.12%,500,"21,831",934,0,"15,232","1,109",14.60,"499,318","43,000",0,"3,596",143.48,56.07,"43,100",0,"1,189","1,040",9.53,33.75,"42,500",0,"35,798","4,317","2,914",6.14,N/A,46.09
35,주성엔지니어링,"32,200",상승,200,+0.63%,500,"28,675",925,0,"15,220",972,12.93,"559,998","32,400",0,"9,868",235.88,19.76,"32,500",0,"4,202","1,068",17.18,11.92,"32,050",0,"47,268","4,094","2,491",2.53,287,43.78
36,카카오게임즈,"17,700",상승,610,+3.57%,100,"135,439","2,424",0,"14,667",191,-11.02,"378,267","17,890",0,"31,732",-74.60,-7.96,"18,200",0,"16,949","-1,281",10.86,-3.86,"17,600",0,"82,866","6,272","-1,606",1.10,N/A,-13.58
37,지아이이노베이션,"22,700",상승,850,+3.89%,500,"91,272","2,072",0,"13,986",-483,-21.04,"1,207,644","23,000",0,458,9.46,-116.69,"23,000",0,167,-588,4.50,-92.49,"22,350",0,"61,614",0,"-1,079",11.24,0,-99.54
38,루닛,"46,350",상승,50,+0.11%,500,"28,282","1,318",0,"13,511",-677,-19.39,"559,379","46,550",0,"4,350",-60.30,-41.21,"47,100",0,"2,702",-824,9.14,-23.45,"46,300",0,"29,150",542,"-2,390",7.84,0,116.03
39,비에이치아이,"42,750",하락,300,-0.70%,500,"46,374","1,997",0,"13,229",219,59.38,"1,722,045","43,300",0,"5,248",45.34,20.64,"43,350",0,"4,083",196,17.94,4.12,"42,750",0,"30,944","4,047",720,10.63,N/A,10.16
40,솔브레인,"169,900",상승,500,+0.30%,500,"1,279",217,0,"13,216","1,679",12.76,"22,234","169,200",0,"11,682",25.82,12.47,"172,900",0,"1,309","1,196",31.71,11.06,"169,200",0,"7,779","8,634","13,317",1.26,"2,300",2.29
41,테크윙,"35,150",보합,0,0.00%,500,"27,648",979,0,"13,130",234,-93.98,"474,010","35,700",0,"5,062",640.74,-10.25,"35,750",0,"3,179",-220,10.77,-4.43,"35,100",0,"37,354","1,855",-374,6.85,130,38.85
42,엔켐,"61,300",하락,"2,100",-3.31%,500,"35,713","2,208",0,"12,992",-653,-5.97,"231,519","62,700",0,"11,269","-2,244.05",-156.31,"62,900",0,"6,601","-5,712",6.89,-57.41,"61,100",0,"21,194","3,657","-10,265",2.48,N/A,-13.89
43,디어유,"53,400",상승,100,+0.19%,500,"6,702",358,0,"12,676",254,61.38,"200,894","53,600",0,"2,203",N/A,N/A,"53,800",0,243,244,5.77,N/A,"53,200",0,"23,738",749,870,6.43,215,N/A
44,원익IPS,"25,750",하락,200,-0.77%,500,"15,291",397,0,"12,639",106,32.84,"410,980","26,150",0,"11,241",158.88,2.37,"26,300",0,"2,367",207,25.31,1.88,"25,700",0,"49,084","7,482",784,1.43,50,8.38
45,HK이노엔,"44,500",하락,500,-1.11%,500,"13,645",611,0,"12,607",882,18.40,"552,665","45,050",0,"18,896",33.82,5.02,"45,300",0,"6,382",616,10.13,3.30,"44,500",0,"28,330","8,971","2,419",1.00,350,8.23
46,메디톡스,"168,100",하락,"1,200",-0.71%,500,"3,919",659,0,"12,269",203,58.53,"63,838","170,400",0,"6,152",17.47,3.62,"170,500",0,"1,444",161,12.11,2.62,"166,600",0,"7,298","2,286","2,872",2.56,"1,100",3.39
47,메지온,"40,650",하락,950,-2.28%,500,"6,268",256,0,"12,198",-143,-53.21,"131,405","41,150",0,740,1.31,-36.23,"41,450",0,279,-195,21.40,-23.45,"40,550",0,"30,007",86,-764,28.23,0,-72.85
48,서진시스템,"20,950",상승,150,+0.72%,500,"18,778",395,0,"11,784","1,087",23.81,"834,614","21,000",0,"21,032",121.85,12.32,"21,150",0,"12,276",839,7.42,4.63,"20,900",0,"56,248","12,138",880,1.36,N/A,55.87
49,하이젠알앤엠,"37,800",상승,850,+2.30%,500,"31,863","1,203",0,"11,676",-4,-297.64,"406,682","38,300",0,"1,202",-108.52,-1.92,"38,350",0,518,-11,3.34,-0.96,"37,300",0,"30,888",759,-127,16.20,N/A,-1.76
50,ISC,"54,700",하락,400,-0.73%,500,"8,465",465,0,"11,595",448,25.37,"156,667","55,300",0,"5,829",317.11,10.98,"55,600",0,597,549,18.57,9.76,"54,500",0,"21,197","1,745","2,156",2.18,810,24.43
51,넥슨게임즈,"17,500",상승,"2,260",+14.83%,500,"1,104,219","19,682",0,"11,526",387,36.76,"2,249,781","18,400",0,"4,872",222.40,10.93,"18,420",0,"1,745",314,5.55,7.36,"17,360",0,"65,860","2,561",476,3.53,N/A,32.49
52,티씨케이,"98,200",하락,600,-0.61%,500,"1,863",183,0,"11,465",807,15.10,"65,262","98,400",0,"5,635",21.06,14.78,"99,100",0,473,720,65.05,13.60,"97,500",0,"11,675","2,757","6,503",2.23,"1,410",21.65
53,카페24,"47,250",하락,650,-1.36%,500,"19,618",931,0,"11,460",319,38.60,"212,588","47,900",0,"3,423","1,978.14",13.40,"48,000",0,"1,267",235,22.21,7.08,"47,150",0,"24,253","3,025","1,224",5.22,N/A,11.58
54,제이앤티씨,"19,570",상승,280,+1.45%,500,"14,889",291,0,"11,321",-461,-13.52,"268,508","19,600",0,"6,397",-261.51,-9.65,"19,680",0,"3,026",-334,2.49,-5.16,"19,450",0,"57,848","2,732","-1,448",3.50,N/A,-15.52
55,위메이드,"32,850",상승,"1,000",+3.14%,500,"76,815","2,564",0,"11,152",71,5.03,"274,171","33,700",0,"18,757",106.40,55.57,"33,700",0,"10,438","1,816",8.59,11.03,"32,550",0,"33,948","7,119","6,530",2.66,N/A,17.62
56,대주전자재료,"71,100",하락,"1,000",-1.39%,500,"10,751",765,0,"11,007",294,29.00,"138,921","71,700",0,"6,230",372.76,19.30,"72,000",0,"3,927",364,18.83,7.02,"70,800",0,"15,481","2,193","2,452",4.59,100,18.56
57,오스코텍,"28,300",상승,50,+0.18%,500,"10,909",309,0,"10,824",-27,"2,830.00","216,581","28,200",0,"1,708",91.63,0.77,"28,650",0,384,-16,10.22,-1.05,"28,100",0,"38,248",340,10,8.89,N/A,586.89
58,고영,"15,640",하락,60,-0.38%,100,"59,312",929,0,"10,738",33,63.32,"1,064,424","15,720",0,"3,779",-83.69,6.68,"15,780",0,548,210,14.89,5.64,"15,590",0,"68,655","2,025",247,3.28,140,-10.24
59,디앤디파마텍,"99,500",상승,"1,200",+1.22%,500,"26,649","2,676",0,"10,694",-250,-31.54,"382,277","100,100",0,975,-85.50,-49.03,"102,000",0,279,-295,3.08,-33.37,"99,100",0,"10,747",114,"-3,155",16.62,0,-38.77
60,SOOP,"92,500",상승,"1,100",+1.20%,500,"8,974",833,0,"10,633","1,135",10.29,"75,014","93,200",0,"7,157",25.69,30.21,"93,500",0,"3,333","1,024",35.69,15.83,"92,100",0,"11,495","4,132","8,990",2.53,"1,500",20.10
61,하림지주,"9,410",하락,100,-1.05%,100,"28,104",265,0,"10,540","7,655",11.01,"1,129,681","9,450",0,"160,790",34.88,0.90,"9,470",0,"101,370","1,748",8.97,1.19,"9,400",0,"112,006","122,730",855,0.30,120,1.75
62,코나아이,"69,300",상승,800,+1.17%,500,"133,848","9,381",0,"10,092",334,30.28,"726,844","69,800",0,"4,131",-0.80,16.19,"70,900",0,"2,153",302,1.59,6.90,"69,200",0,"14,563","2,363","2,289",5.11,680,-15.67
63,LS마린솔루션,"29,600",하락,550,-1.82%,"1,000","89,240","2,657",0,"9,670",124,58.85,"2,049,996","29,450",0,"2,543",N/A,N/A,"30,300",0,461,132,2.83,N/A,"29,050",0,"32,669","1,303",503,4.50,160,N/A
64,성광벤드,"33,850",하락,100,-0.29%,500,"55,096","1,855",0,"9,454",420,24.69,"1,546,944","33,800",0,"5,631",-6.35,8.01,"34,250",0,443,410,22.14,7.36,"33,000",0,"27,929","2,277","1,371",1.72,200,-10.61
65,올릭스,"47,500",상승,500,+1.06%,500,"18,554",876,0,"9,393",-309,-18.35,"446,862","47,500",0,712,-70.02,-120.11,"47,550",0,528,-407,4.69,-46.71,"46,850",0,"19,775",57,"-2,589",37.09,0,-66.73
66,원텍,"10,500",하락,100,-0.94%,100,"52,857",555,0,"9,391",348,26.72,"1,057,478","10,600",0,"1,779",-24.43,25.76,"10,610",0,511,291,7.42,17.58,"10,430",0,"89,439","1,153",393,6.98,50,-0.32
67,아난티,"10,300",상승,430,+4.36%,100,"1,688,226","17,613",0,"9,129",8,-55.08,"28,575,176","10,620",0,"16,224",-99.70,-4.56,"10,640",0,"9,110",-324,7.18,-2.04,"10,260",0,"88,629","2,852",-187,1.29,N/A,-68.22
68,유일로보틱스,"78,600",상승,"1,200",+1.55%,500,"8,960",704,0,"9,026",4,171.24,0,0,0,"1,424",19.80,-9.98,0,0,194,-130,0.82,-7.09,0,0,"1,127,406",564,-9,7.32,N/A,6.08
69,국일제지,800,보합,0,0.00%,100,0,0,0,"9,019",-13,-88.89,"91,346","79,200",0,"1,174",106.14,-13.94,"79,200",0,224,-91,15.66,-8.91,"78,000",0,"11,483",352,459,9.34,N/A,19.40
70,덕산네오룩스,"35,950",하락,150,-0.42%,200,"18,275",662,0,"8,927",525,19.69,"310,169","36,400",0,"4,523",59.39,12.17,"36,600",0,533,458,8.03,10.68,"35,850",0,"24,831","2,123","1,826",2.16,N/A,29.66
71,필옵틱스,"38,550",상승,550,+1.45%,500,"108,206","4,220",0,"8,822",138,174.43,"908,683","39,150",0,"3,827",34.40,3.51,"39,350",0,"1,441",129,0.03,3.11,"38,500",0,"22,886","4,109",221,5.75,0,36.96
72,태성,"27,900",상승,450,+1.64%,100,"75,727","2,107",0,"8,510",60,324.42,"1,522,296","27,400",0,796,980.50,16.61,"28,150",0,386,60,2.20,8.74,"27,400",0,"30,501",592,86,6.58,0,77.61
73,에스앤에스텍,"39,050",하락,550,-1.39%,500,"29,591","1,176",0,"8,377",295,24.12,"173,898","39,600",0,"2,970",17.73,13.07,"41,550",0,502,303,9.92,10.95,"38,900",0,"21,451","1,760","1,619",3.20,150,17.09
74,와이씨,"10,190",상승,80,+0.79%,100,"34,534",354,0,"8,360",106,97.98,"417,978","10,300",0,"5,769",23.66,3.48,"10,320",0,"1,586",129,1.08,2.45,"10,180",0,"82,045","2,112",104,2.52,N/A,-17.22
75,우리기술투자,"9,890",하락,280,-2.75%,500,"286,983","2,875",0,"8,308","1,757",5.40,"5,177,533","10,050",0,"8,038",14.13,24.89,"10,170",0,"1,376","1,477",2.75,20.59,"9,880",0,"84,000","1,923","1,830",1.13,N/A,12.60
76,유진테크,"36,200",하락,550,-1.50%,500,"10,312",376,0,"8,296",612,12.79,"184,366","36,700",0,"5,395",151.49,16.85,"36,800",0,"1,038",654,30.82,13.40,"36,050",0,"22,916","3,381","2,831",1.97,230,22.25
77,동성화인텍,"27,150",하락,400,-1.45%,500,"53,587","1,455",0,"8,142",540,20.52,"1,687,532","27,250",0,"4,555",35.13,21.07,"27,400",0,"2,530",393,17.39,9.60,"26,950",0,"29,989","5,974","1,323",3.80,350,11.92
78,레이크머티리얼즈,"12,310",하락,120,-0.97%,100,"40,600",501,0,"8,091",222,43.81,"314,935","12,450",0,"3,513",-24.93,17.38,"12,510",0,"2,200",210,6.93,6.46,"12,220",0,"65,731","1,387",281,6.28,50,17.77
79,동국제약,"17,790",하락,110,-0.61%,500,"12,670",226,0,"7,985",804,13.88,"246,237","17,910",0,"9,532",20.26,10.66,"18,010",0,"2,742",623,14.29,6.95,"17,750",0,"44,884","8,122","1,282",1.31,200,11.10
80,로보티즈,"60,400",상승,100,+0.17%,500,"27,225","1,657",0,"7,980",-30,"1,184.31","295,091","61,700",0,"1,002",43.88,-3.31,"61,700",0,42,-30,9.04,-2.82,"60,200",0,"13,213",300,51,7.86,0,3.13
81,피에스케이홀딩스,"36,100",하락,50,-0.14%,500,"21,916",799,0,"7,784",885,8.42,"306,740","36,650",0,"5,136",228.07,24.80,"36,950",0,821,958,4.13,20.94,"36,100",0,"21,562","2,155","4,289",1.80,700,127.53
82,HLB테라퓨틱스,"9,200",하락,20,-0.22%,500,"62,351",574,0,"7,762",-76,-28.13,"1,136,634","9,310",0,"2,198",12.63,-14.34,"9,400",0,379,-235,6.57,-11.16,"9,070",0,"84,371",549,-327,5.02,0,4.45
83,하나마이크론,"11,710",상승,10,+0.09%,500,"71,270",845,0,"7,760","1,068",-82.46,"589,487","12,000",0,"19,446",84.43,-6.99,"12,000",0,"13,388",-112,10.74,-0.61,"11,710",0,"66,272","12,507",-142,2.12,70,29.21
84,에스에프에이,"21,600",상승,250,+1.17%,500,"4,781",103,0,"7,756",-484,-9.41,"267,353","21,450",0,"24,796",-154.44,-7.49,"21,750",0,"9,572",-321,9.25,-1.21,"21,450",0,"35,909","20,454","-2,296",0.69,270,9.95
85,피엔티,"32,050",하락,600,-1.84%,500,"31,169",999,0,"7,610","1,632",6.96,"249,586","32,500",0,"16,203",112.19,26.52,"32,700",0,"9,957","1,422",4.30,8.83,"31,800",0,"23,743","10,351","4,605",1.30,100,89.78
86,LS머트리얼즈,"11,110",하락,60,-0.54%,500,"39,031",435,0,"7,516",62,241.52,"612,301","11,190",0,"2,531",-54.33,3.11,"11,300",0,460,57,4.17,2.19,"11,100",0,"67,653","1,421",46,4.09,N/A,3.79
87,솔브레인홀딩스,"35,700",하락,150,-0.42%,500,"2,976",106,0,"7,484",853,15.82,"55,057","35,700",0,"19,966",-29.47,4.62,"35,800",0,"5,055",557,5.05,2.95,"35,100",0,"20,964","5,154","2,257",0.56,220,-22.10
88,엘앤씨바이오,"30,400",하락,50,-0.16%,500,"23,246",708,0,"7,484",25,4.96,"455,653","30,650",0,"4,756",-68.73,65.41,"30,900",0,"1,809","1,410",8.83,38.21,"30,100",0,"24,619",721,"6,131",2.43,50,9.35
89,심텍,"23,450",하락,50,-0.21%,500,"68,177","1,614",0,"7,470",-470,-14.73,"1,148,005","24,200",0,"14,433",46.70,-6.63,"24,200",0,"9,948",-310,6.16,-2.37,"23,250",0,"31,854","12,314","-1,592",1.83,100,18.19
90,위메이드맥스,"8,840",상승,150,+1.73%,500,"34,025",304,0,"7,332",-81,-35.22,"933,696","8,900",0,"5,976",-315.03,-3.29,"9,090",0,962,-157,11.34,-4.31,"8,820",0,"82,936",750,-251,1.48,0,7.49
91,코미코,"69,400",상승,800,+1.17%,500,"5,936",411,0,"7,260","1,125",12.66,"100,457","69,500",0,"8,003",240.50,23.36,"69,700",0,"4,246",878,19.17,12.60,"68,800",0,"10,461","5,071","5,483",2.64,"1,000",65.05
92,안랩,"64,800",하락,100,-0.15%,500,"4,226",274,0,"7,210",277,19.37,"77,164","64,900",0,"4,647",4.77,10.40,"65,300",0,959,324,32.42,7.71,"64,500",0,"11,127","2,606","3,346",1.74,"1,300",8.93
93,펌텍코리아,"58,100",상승,600,+1.04%,500,"2,445",142,0,"7,204",484,20.22,"59,775","57,600",0,"4,076",37.15,12.99,"58,400",0,869,383,15.47,10.04,"57,600",0,"12,400","3,375","2,873",2.66,420,18.63
94,HLB생명과학,"5,890",하락,50,-0.84%,500,"17,431",103,0,"7,181",-248,-3.55,"297,212","5,940",0,"5,390",-1.17,1.95,"5,940",0,"1,402",62,9.71,1.29,"5,850",0,"121,917","1,022","-1,657",2.11,0,4.34
95,한글과컴퓨터,"29,350",상승,300,+1.03%,500,"117,723","3,506",0,"7,097",404,45.65,"420,117","30,200",0,"6,819",18.37,4.06,"30,200",0,"1,963",140,6.74,2.13,"29,300",0,"24,180","3,048",643,2.03,410,12.42
96,현대힘스,"20,000",하락,350,-1.72%,500,"37,925",762,0,"7,085",215,39.68,"1,226,494","20,200",0,"3,265",48.99,8.07,"20,300",0,930,166,0.79,5.74,"19,990",0,"35,425","2,232",504,3.01,100,17.96
97,SAMG엔터,"79,100",상승,200,+0.25%,500,"12,333",970,0,"6,938",-61,-93.94,"782,181","78,900",0,974,35.14,-52.24,"79,400",0,666,-194,19.78,-19.62,"77,700",0,"8,771","1,164",-842,17.95,N/A,22.41
98,비츠로셀,"30,100",상승,50,+0.17%,500,"2,897",88,0,"6,885",519,13.13,"102,949","30,200",0,"3,179",37.73,19.92,"30,450",0,348,513,29.44,17.86,"30,100",0,"22,872","2,108","2,292",2.37,460,19.61
99,휴온스글로벌,"52,500",하락,"1,500",-2.78%,500,"5,670",298,0,"6,634",970,25.46,"45,719","53,600",0,"14,059",-14.88,5.05,"53,600",0,"4,418",671,7.92,4.93,"52,400",0,"12,637","8,135","2,062",1.21,525,7.26
100,다우데이타,"17,140",상승,170,+1.00%,500,"33,082",568,0,"6,565","12,059",4.53,"422,731","17,010",0,"577,571",80.54,12.96,"17,290",0,"512,862","8,659",10.86,1.55,"16,950",0,"38,300","121,361","3,783",0.47,450,17.44
101,엠로,"52,600",보합,0,0.00%,500,"9,385",496,0,"6,488",86,32.53,"245,184","53,000",0,"1,024",84.58,31.88,"53,200",0,134,186,3.56,19.17,"52,500",0,"12,335",795,"1,617",7.16,0,25.77
102,태웅,"31,500",하락,"1,450",-4.40%,500,"191,180","6,027",0,"6,302",228,32.31,"1,376,340","10,940",0,981,61.62,44.73,"10,940",0,92,326,7.42,40.31,"10,740",0,"58,419",582,602,6.46,20,36.86
103,비올,"10,780",하락,100,-0.92%,100,"68,695",744,0,"6,298",361,17.91,"6,271,272","32,300",0,"8,126",-42.28,4.42,"32,350",0,"2,081",247,8.72,3.17,"30,700",0,"20,007","3,863",975,1.04,N/A,-12.94
104,휴메딕스,"55,900",보합,0,0.00%,500,"7,173",403,0,"6,278",431,14.45,"93,308","56,900",0,"2,498",15.63,18.41,"57,100",0,212,393,10.09,16.72,"55,700",0,"11,230","1,619","3,868",2.41,630,6.30
105,차바이오텍,"11,100",하락,20,-0.18%,500,"23,918",265,0,"6,251",-597,-49.55,"523,126","11,110",0,"21,944",-523.82,-2.85,"11,260",0,"14,755",-146,8.12,-0.74,"11,030",0,"56,314","10,450",-224,2.44,0,9.55
106,HLB제약,"19,030",하락,180,-0.94%,500,"8,782",167,0,"6,240",15,116.75,"110,308","19,200",0,"1,579",107.54,1.98,"19,300",0,415,20,1.13,1.35,"18,990",0,"32,791","1,371",163,5.55,0,0.83
107,나노신소재,"50,500",하락,400,-0.79%,500,"6,096",309,0,"6,160",30,-275.96,"80,520","50,700",0,"4,422",-74.88,-0.77,"52,000",0,"1,980",-19,8.38,-0.43,"50,300",0,"12,198",878,-183,2.46,250,5.53
108,태광,"23,150",상승,550,+2.43%,500,"33,735",782,0,"6,135",399,15.76,"744,275","22,900",0,"6,603",-30.93,8.20,"23,350",0,509,461,14.08,7.17,"22,850",0,"26,500","2,668","1,469",1.05,250,-14.50
109,코스메카코리아,"57,200",상승,"1,100",+1.96%,500,"28,077","1,613",0,"6,109",604,14.68,"175,752","56,500",0,"5,179",22.80,22.07,"58,000",0,"2,103",537,12.49,11.30,"56,500",0,"10,680","5,243","3,897",2.83,100,11.39
110,아이쓰리시스템,"83,200",하락,300,-0.36%,500,"1,585",131,0,"5,913",148,37.03,"27,735","83,300",0,"1,468",20.94,15.31,"83,600",0,411,150,5.12,10.77,"82,000",0,"7,107","1,207","2,247",5.18,400,-0.69
111,큐리옥스바이오시스템즈,"36,600",상승,"2,350",+6.86%,500,"30,527","1,099",0,"5,911",-134,-65.12,"156,585","35,250",0,706,-26.72,-15.94,"36,700",0,219,-81,15.41,-12.60,"35,000",0,"16,149",46,-562,12.96,0,-32.42
112,제룡전기,"36,700",상승,750,+2.09%,500,"31,173","1,145",0,"5,895",978,8.09,"385,829","36,700",0,"2,418",39.48,49.72,"36,950",0,451,799,11.92,39.92,"36,500",0,"16,062","2,627","4,539",3.02,"1,000",42.84
113,RFHIC,"22,250",상승,50,+0.23%,500,"11,434",253,0,"5,893",15,78.07,"268,946","22,050",0,"4,829",404.84,8.60,"22,300",0,"1,250",197,12.10,3.97,"21,700",0,"26,484","1,149",285,1.83,100,3.09
114,솔트룩스,"48,100",하락,"2,200",-4.37%,500,"238,790","11,647",0,"5,835",-66,-111.34,"1,782,756","50,500",0,932,28.63,-6.63,"50,700",0,206,-59,4.48,-6.10,"48,000",0,"12,131",459,-432,8.84,N/A,49.03
115,에스피지,"26,050",하락,100,-0.38%,500,"14,816",387,0,"5,777",123,42.36,"156,087","26,350",0,"3,975",-22.76,5.54,"26,400",0,"1,434",131,4.80,3.52,"25,900",0,"22,177","3,885",615,2.27,150,-1.35
116,시노펙스,"6,550",하락,140,-2.09%,500,"101,634",672,0,"5,746",212,22.20,"813,966","6,700",0,"2,354",-12.19,18.58,"6,710",0,678,280,2.40,12.82,"6,510",0,"87,720","2,383",295,3.31,0,-9.09
117,피에스케이,"19,700",하락,120,-0.61%,500,"11,972",237,0,"5,706",839,7.27,"278,478","19,990",0,"5,694",55.08,18.31,"19,990",0,976,791,25.79,14.88,"19,650",0,"28,967","3,981","2,708",1.19,400,13.13
118,바이넥스,"17,320",하락,50,-0.29%,500,"23,897",415,0,"5,661",-308,-22.06,"414,707","17,500",0,"2,794","-3,050.79",-19.34,"17,550",0,978,-352,6.40,-13.12,"17,310",0,"32,684","1,301",-785,2.99,N/A,-16.00
119,인카금융서비스,"11,000",하락,190,-1.70%,100,"19,604",216,0,"5,652",863,8.68,"669,179","11,190",0,"7,074",85.22,50.62,"11,190",0,"5,602",620,6.17,10.30,"10,900",0,"51,380","8,323","1,267",3.36,100,49.47
120,인투셀,"37,950",상승,950,+2.57%,500,"38,817","1,465",0,"5,628",-98,-50.20,"385,047","37,300",0,237,43.70,-95.55,"38,300",0,162,-99,0.76,-39.93,"37,250",0,"14,829",29,-756,67.03,0,79.72
121,넥스틴,"53,600",하락,300,-0.56%,500,"4,009",216,0,"5,616",470,20.98,"65,341","54,000",0,"1,898",29.89,27.00,"54,100",0,322,384,12.53,23.10,"53,400",0,"10,477","1,137","2,555",3.53,500,29.33
122,메가스터디교육,"51,700",보합,0,0.00%,100,"1,398",72,0,"5,569","1,236",11.85,"68,542","51,300",0,"8,783",-2.99,9.97,"51,900",0,"4,116",502,29.48,5.47,"51,300",0,"10,771","9,422","4,363",1.22,"1,500",0.75
123,두산테스나,"28,800",상승,100,+0.35%,500,"25,290",732,0,"5,566",379,41.14,"379,565","29,000",0,"7,877",N/A,N/A,"29,450",0,"3,500",368,4.57,N/A,"28,700",0,"19,327","3,731",700,1.32,160,N/A
124,파두,"11,120",상승,120,+1.09%,100,"11,307",127,0,"5,496",-950,-6.28,"107,716","11,320",0,"1,344",-62.28,-64.47,"11,370",0,365,-915,6.29,-48.41,"11,110",0,"49,428",435,"-1,772",6.47,0,93.60
125,씨아이에스,"7,090",하락,90,-1.25%,100,"27,008",193,0,"5,486",593,9.04,"404,389","7,190",0,"7,338",52.39,15.16,"7,190",0,"2,551",562,8.57,8.44,"7,080",0,"77,372","5,085",784,1.11,N/A,63.96
126,쎄트렉아이,"50,000",하락,400,-0.79%,500,"6,021",299,0,"5,476",-31,44.64,"42,519","50,000",0,"4,470",29.44,3.49,"50,300",0,"2,230",62,6.57,1.64,"49,300",0,"10,951","1,713","1,120",2.32,190,36.55
127,데브시스터즈,"44,200",상승,150,+0.34%,500,"8,598",379,0,"5,394",272,18.58,"108,750","44,100",0,"2,604",156.64,19.72,"44,900",0,"1,062",283,11.08,11.31,"43,775",0,"12,203","2,362","2,379",2.98,0,46.57
128,컴투스,"42,000",상승,500,+1.20%,500,"5,301",223,0,"5,350",61,-4.79,"61,233","42,000",0,"16,460",118.47,-10.37,"42,150",0,"5,961","-1,520",13.80,-9.04,"42,000",0,"12,738","6,939","-8,768",0.49,"1,300",-6.18
129,서부T&D,"8,050",하락,70,-0.86%,500,"52,170",422,0,"5,307",480,15.75,"466,911","8,110",0,"28,945",28.91,3.70,"8,150",0,"16,536",647,12.22,2.47,"8,050",0,"65,927","1,875",511,0.52,100,10.83
130,인텔리안테크,"48,950",하락,50,-0.10%,500,"6,554",320,0,"5,254",-194,-42.83,"145,901","48,800",0,"4,407",-281.28,-1.12,"49,250",0,"1,761",-30,11.71,-0.67,"48,300",0,"10,733","2,578","-1,143",2.03,100,-15.50
131,아이티센글로벌,"22,600",하락,150,-0.66%,500,"161,160","3,674",0,"5,244",586,44.66,"2,546,666","23,250",0,"9,454",91.90,5.79,"23,450",0,"6,229",361,2.92,4.19,"22,050",0,"23,205","49,618",506,6.50,N/A,76.26
132,네오위즈,"23,900",하락,50,-0.21%,500,"10,317",247,0,"5,224",329,-64.08,"149,988","24,100",0,"6,200",4.20,0.49,"24,250",0,"1,011",-70,13.33,-1.08,"23,700",0,"21,857","3,668",-373,0.96,N/A,0.33
133,에코프로에이치엔,"24,850",하락,50,-0.20%,500,"6,382",159,0,"5,212",242,24.41,"190,199","24,900",0,"4,667",-42.02,10.59,"25,100",0,"1,704",215,9.20,6.22,"24,700",0,"20,975","2,345","1,018",1.77,300,2.43
134,가온칩스,"44,650",하락,350,-0.78%,500,"7,297",328,0,"5,178",35,223.25,"73,626","45,300",0,"1,127",-19.00,11.46,"45,550",0,434,75,1.11,7.27,"44,600",0,"11,597",965,200,8.11,N/A,51.72
135,티앤엘,"63,200",상승,100,+0.16%,500,"1,054",67,0,"5,137",570,9.31,"57,016","63,200",0,"1,971",84.69,30.84,"63,400",0,256,464,13.47,27.36,"63,100",0,"8,128","1,749","6,787",2.81,750,51.47
136,SFA반도체,"3,105",하락,45,-1.43%,500,"72,385",226,0,"5,106",0,-207.00,"444,648","3,140",0,"6,235",99.77,4.51,"3,160",0,"1,256",205,4.15,3.32,"3,100",0,"164,460","4,005",-15,1.04,N/A,-3.90
137,감성코퍼레이션,"5,580",보합,0,0.00%,500,"51,010",286,0,"5,106",361,17.12,"1,416,618","5,570",0,"1,543",11.82,30.74,"5,690",0,419,293,13.23,21.77,"5,540",0,"91,500","2,204",326,4.37,0,23.85
138,하나머티리얼즈,"25,800",하락,150,-0.58%,500,"10,554",273,0,"5,103",434,15.73,"236,311","26,200",0,"5,739",5.16,8.43,"26,250",0,"2,201",318,20.45,5.10,"25,700",0,"19,778","2,516","1,640",1.38,250,7.74
139,갤럭시아머니트리,"13,005",상승,195,+1.52%,500,"503,749","6,656",0,"5,102",132,240.83,"3,331,118","13,190",0,"3,646",43.07,0.72,"13,390",0,"2,525",6,2.42,0.15,"12,970",0,"39,230","1,288",54,4.51,45,-2.73
140,웹젠,"14,730",상승,180,+1.24%,500,"6,884",101,0,"5,097",546,13.68,"99,752","14,410",0,"7,509",9.32,8.81,"14,840",0,783,568,30.05,7.81,"14,410",0,"34,601","2,147","1,077",0.65,300,9.40
141,지엔씨에너지,"30,950",상승,"2,350",+8.22%,500,"249,246","7,720",0,"5,091",317,10.58,"258,573","30,600",0,"2,652",187.62,27.54,"31,850",0,"1,038",389,7.48,17.18,"30,200",0,"16,449","2,263","2,924",2.75,100,35.99
142,현대바이오,"10,590",하락,90,-0.84%,500,"26,261",278,0,"5,085",8,-31.99,"356,999","10,630",0,677,108.08,-16.36,"10,690",0,283,-69,9.28,-11.50,"10,560",0,"48,022",151,-331,4.33,N/A,58.73
143,현대무벡스,"4,250",상승,50,+1.19%,100,"34,440",146,0,"5,008",246,22.61,"213,271","4,225",0,"2,989",493.03,16.17,"4,280",0,"1,267",269,2.90,9.83,"4,215",0,"117,846","3,414",188,3.13,50,27.46
144,대명에너지,"29,100",하락,"1,350",-4.43%,100,"61,726","1,797",0,"4,962",97,41.87,"362,819","29,600",0,"3,699",-42.03,6.24,"29,650",0,"2,412",78,0.49,2.18,"28,850",0,"17,050",678,695,3.62,N/A,9.93
145,미코,"14,730",하락,110,-0.74%,500,"94,319","1,416",0,"4,922",946,16.95,"1,209,832","15,270",0,"13,927",216.51,20.43,"15,300",0,"8,598",765,11.11,6.87,"14,710",0,"33,417","5,405",869,4.15,N/A,41.62
146,바이오다인,"16,360",하락,150,-0.91%,500,"2,089",34,0,"4,869",-17,"-2,337.14","67,017","16,420",0,443,15.65,0.03,"16,500",0,11,0,4.48,0.02,"16,350",0,"29,764",53,-7,11.28,N/A,28.93
147,포스코엠텍,"11,680",하락,160,-1.35%,500,"19,136",224,0,"4,864",14,-278.10,"292,082","11,810",0,"1,498",-68.30,0.50,"11,840",0,379,6,6.41,0.37,"11,610",0,"41,643","3,466",-42,4.41,20,1.53
148,한국기업평가,"106,700",하락,200,-0.19%,"5,000",989,105,0,"4,845",327,19.22,"38,601","105,200",0,"1,753",26.48,21.69,"106,700",0,405,286,80.84,17.31,"104,100",0,"4,541","1,041","5,552",4.51,"3,954",8.85
149,테스,"24,250",하락,150,-0.61%,500,"7,518",183,0,"4,794",385,9.29,"154,213","24,450",0,"3,812",756.34,13.55,"24,700",0,506,427,6.72,12.13,"24,150",0,"19,768","2,401","2,611",1.26,600,63.39
150,우리기술,"2,865",상승,245,+9.35%,500,"19,286,291","54,960",0,"4,742",6,-62.28,"98,428,221","2,670",0,"2,655",-91.71,-3.33,"2,970",0,"1,534",-44,2.91,-1.93,"2,640",0,"165,531",713,-46,4.20,0,12.80
151,원익QnC,"17,980",보합,0,0.00%,500,"13,897",251,0,"4,727",906,9.44,"223,870","18,220","18,300","15,347",9.19,11.67,"18,220",26,"9,654",615,5.47,4.23,"17,970",26,"26,288","8,915","1,905",0.98,100,10.62
152,이녹스첨단소재,"23,350",하락,100,-0.43%,500,"6,387",149,0,"4,723",868,6.21,"180,192","23,450",0,"8,260",105.88,16.27,"23,550",0,"3,574",701,15.19,10.02,"23,250",0,"20,228","4,228","3,759",0.92,350,9.25
153,유바이오로직스,"12,840",하락,70,-0.54%,500,"11,040",142,0,"4,703",343,12.21,"159,821","12,990","13,150","2,021",345.78,15.61,"12,990",35,701,190,8.10,10.73,"12,800",67,"36,624",960,"1,052",3.18,0,38.45
154,성우하이텍,"5,870",하락,90,-1.51%,500,"43,684",257,0,"4,696","2,059",3.16,"366,337","5,900","5,960","45,631",-19.81,9.86,"5,940","2,025","27,210","1,351",6.43,3.14,"5,850",150,"80,000","42,451","1,855",0.30,150,-1.78
155,제주반도체,"13,600",하락,150,-1.09%,500,"51,723",712,"13,930","4,684",96,28.33,"526,027","13,930","13,950","2,254",-46.29,11.44,"13,940",57,412,194,0.00,9.15,"13,580",721,"34,443","1,623",480,2.40,N/A,11.28
156,아이센스,"16,960",상승,100,+0.59%,500,"6,315",106,"16,860","4,679",27,434.87,"151,060","16,860","17,000","5,909",-75.68,-0.59,"17,040",12,"2,479",-20,26.34,-0.36,"16,690",137,"27,587","2,911",39,1.45,100,9.81
157,인벤티지랩,"43,300",상승,850,+2.00%,500,"15,979",683,0,"4,626",-190,-15.27,"332,570","42,800","42,450",723,-18.81,-91.93,"43,700",28,397,-170,1.69,-28.95,"42,250",520,"10,684",18,"-2,835",12.90,0,170.90
158,신라젠,"3,340",하락,20,-0.60%,500,"64,037",214,"3,200","4,614",-268,-16.45,"999,784","3,355","3,350","1,490",-25.40,-28.05,"3,380","3,238",172,-265,2.67,-23.50,"3,320",370,"138,130",39,-203,3.62,0,-0.33
159,쏠리드,"7,380",상승,60,+0.82%,500,"108,528",800,"7,330","4,509",351,14.67,"3,115,841","7,380","7,340","4,968",-3.11,15.52,"7,450","2,634","1,740",462,8.89,9.69,"7,280",489,"61,095","3,311",503,1.39,50,3.02
160,에스티큐브,"6,610",하락,10,-0.15%,500,"18,176",120,0,"4,494",-226,-18.26,"117,332","6,600",0,"1,119",13.15,-33.09,"6,680",664,176,-214,3.74,-27.16,"6,550","6,200","67,983",113,-362,5.01,N/A,93.88
161,티에스이,"40,550",하락,100,-0.25%,500,"2,389",97,0,"4,485",399,9.74,"75,539","40,900",0,"5,194","1,776.34",13.36,"41,200",0,"1,197",450,6.39,9.36,"40,550",37,"11,061","3,481","4,165",1.29,400,39.70
162,이엔에프테크놀로지,"31,300",하락,50,-0.16%,500,"4,671",147,0,"4,472",593,11.14,"71,608","31,900","31,650","7,236",148.52,8.21,"31,900",243,"3,222",297,6.88,4.30,"31,150",60,"14,288","5,824","2,810",1.09,150,9.67
163,큐로셀,"31,100",하락,800,-2.51%,500,"8,710",272,0,"4,455",-106,-12.38,"143,921","31,300",0,515,-138.14,55.22,"31,800",320,490,-77,1.13,-22.88,"31,000",71,"14,324",0,"-2,512",19.40,0,"8,891.25"
164,케이엠더블유,"11,180",하락,40,-0.36%,500,"20,698",233,0,"4,452",-455,-13.09,"303,129","11,220",0,"2,690",27.65,-24.24,"11,400",0,"1,254",-386,6.60,-14.17,"11,080",65,"39,821",874,-854,3.23,N/A,-12.70
165,콜마비앤에이치,"15,090",하락,10,-0.07%,500,"3,250",49,0,"4,439",246,35.01,"620,116","7,390","7,390","2,643",-15.55,10.83,"7,400",181,"1,166",175,8.57,8.01,"7,280",313,"60,500",664,322,2.86,50,2.10
166,바이오플러스,"7,320",하락,40,-0.54%,500,"5,676",42,"7,360","4,429",237,22.73,"116,661","15,010",0,"6,909",-18.62,4.54,"15,190",0,"2,956",172,2.96,2.48,"15,010",29,"29,416","6,156",431,1.10,308,6.23
167,클로봇,"17,920",상승,220,+1.24%,500,"75,076","1,355",0,"4,418",-75,-57.25,"365,837","18,190",0,695,-29.94,-15.71,"18,290",0,95,-67,0.57,-12.93,"17,880",506,"24,651",334,-313,7.69,N/A,37.97
168,동화기업,"8,680",하락,30,-0.34%,200,"14,709",128,0,"4,388",167,-19.82,"115,026","8,760",0,"23,972",200.80,-1.40,"8,850",199,"14,194",-162,50.56,-0.69,"8,660",11,"50,557","9,180",-438,0.46,N/A,-4.70
169,한텍,"39,400",상승,300,+0.77%,"5,000","55,191","2,174",0,"4,382",168,13.22,"1,633,671","39,300",0,"2,075",10.40,26.22,"39,700",0,958,263,0.98,13.00,"39,150",0,"11,121","1,559","2,981",3.28,450,-12.73
170,삼현,"13,780",하락,20,-0.14%,500,"7,143",99,0,"4,369",55,48.87,"147,875","13,830",0,"1,403",N/A,N/A,"13,870",0,251,83,0.74,N/A,"13,770",42,"31,708","1,004",282,3.76,50,N/A
171,원익홀딩스,"5,640",하락,170,-2.93%,500,"336,464","1,927","5,820","4,356",306,-10.20,"1,952,728","5,860","5,830","18,901",-33.12,-7.41,"5,860","20,177","6,416",-611,4.39,-3.26,"5,630",346,"77,238","6,455",-553,0.44,N/A,-13.88
172,코엔텍,"8,940",보합,0,0.00%,500,0,0,0,"4,343",305,16.93,0,0,0,"2,335",-11.33,14.48,0,0,514,263,7.64,11.52,0,0,"48,581",805,528,2.29,0,2.21
173,제우스,"13,930",보합,0,0.00%,500,"32,768",460,"14,340","4,321",492,10.91,"806,546","14,070","14,410","6,409",588.24,12.99,"14,210",27,"2,586",431,3.95,6.83,"13,860",56,"31,017","4,908","1,277",1.24,100,21.82
174,골프존,"68,500",보합,0,0.00%,500,"1,077",73,0,"4,299",958,8.57,"20,595","67,900","68,700","6,655",-16.34,11.63,"68,600",49,"2,188",420,22.77,6.45,"67,700",25,"6,275","6,200","7,991",0.94,"4,000",-9.51
175,네오셈,"9,780",상승,90,+0.93%,100,"24,474",239,"9,780","4,290",165,24.63,"268,110","9,780","9,790","1,419",103.63,18.96,"9,810",41,260,192,0.00,15.47,"9,700",19,"43,869","1,052",397,3.61,60,4.27
176,글로벌텍스프리,"6,010",하락,10,-0.17%,500,"19,391",117,"6,000","4,224",218,35.56,"670,376","6,020","6,020","1,745",121.88,5.60,"6,060","1,197",462,63,16.87,3.66,"5,990",597,"70,283","1,297",169,3.69,N/A,58.84
177,이뮨온시아,"5,780",하락,30,-0.52%,500,"41,063",239,0,"4,220",-126,N/A,"1,040,581","5,850",0,262,-6.80,77.02,"5,870",0,68,-57,0.25,-18.96,"5,770",358,"73,004",7,N/A,N/A,0,495.04
178,다날,"6,100",상승,310,+5.35%,500,"2,842,482","17,379",0,"4,206",14,68.54,"8,172,610","6,080",0,"7,456",-60.17,2.46,"6,250",0,"4,356",29,3.65,0.39,"5,990",774,"68,949","2,609",89,1.38,N/A,-11.69
179,아스테라시스,"11,450",상승,100,+0.88%,100,"28,377",322,0,"4,197",67,66.18,"395,918","11,300",0,247,328.57,40.61,"11,530",0,51,54,3.61,25.90,"11,170",59,"36,655",288,173,11.66,32,64.78
180,케이아이엔엑스,"86,000",보합,0,0.00%,500,"8,666",759,0,"4,197",237,24.46,"68,565","88,000",0,"3,368",-10.67,10.13,"88,800",268,"1,068",183,29.67,6.20,"86,000",74,"4,880","1,389","3,516",2.19,600,13.22
181,바이오니아,"16,220",보합,0,0.00%,500,"13,269",215,0,"4,186",-134,-21.06,"138,147","16,220",0,"3,322","-1,794.54",-9.40,"16,310",20,"1,053",-190,7.76,-5.88,"16,120",51,"25,810","2,940",-770,1.96,N/A,11.68
182,셀바스AI,"15,510",하락,90,-0.58%,500,"44,031",689,0,"4,174",8,-67.73,"578,388","15,840",0,"3,121",-80.43,-4.61,"15,900",0,492,-10,4.49,-0.40,"15,420",175,"26,915","1,125",-229,3.47,N/A,112.13
183,유티아이,"23,200",하락,300,-1.28%,500,"4,772",110,0,"4,165",-322,-15.37,"64,936","23,300","24,200","1,606",-63.41,-49.58,"23,300",69,861,-227,13.20,-17.39,"22,700","1,429","17,953",186,"-1,509",6.69,N/A,-4.14
184,성일하이텍,"34,200",하락,550,-1.58%,500,"3,277",112,0,"4,164",-714,-3.58,"73,410","34,450",0,"6,795",-756.19,-42.96,"34,600",0,"4,547","-1,125",2.86,-17.93,"33,550",15,"12,176","1,362","-9,553",2.23,0,-44.93
185,코난테크놀로지,"36,250",하락,"2,100",-5.48%,500,"59,416","2,207",0,"4,157",-141,-36.00,"531,195","38,350","38,500",444,-28.30,-53.30,"38,600",891,248,-136,1.05,-29.42,"36,150",8,"11,467",263,"-1,007",26.22,N/A,7.74
186,천보,"41,150",하락,"1,100",-2.60%,500,"3,303",137,0,"4,115",-228,-143.88,"96,877","41,950",0,"10,079",-182.81,-8.27,"41,950",47,"5,929",-323,4.30,-3.33,"40,950",8,"10,000","1,449",-286,1.11,N/A,-20.68
187,대아티아이,"5,820",상승,480,+8.99%,100,"1,457,116","8,387","5,450","4,102",79,23.47,"14,027,571","5,870","5,460","2,920",122.05,11.52,"5,870","4,981","1,584",147,9.35,5.40,"5,610",37,"70,473","1,491",248,2.97,N/A,32.77
188,서희건설,"1,780",하락,7,-0.39%,500,"47,039",84,0,"4,091","2,357",3.72,"510,536","1,776",0,"15,406",3.30,17.64,"1,797","2,822","5,668","1,593",5.33,10.35,"1,776",236,"229,808","14,736",479,0.34,45,2.20
189,에이프릴바이오,"18,100",하락,30,-0.17%,"1,000","17,475",318,0,"4,077",169,17.69,"133,013","18,350",0,996,226.00,26.90,"18,360",0,86,200,5.55,22.32,"18,010","2,196","22,528",275,"1,023",4.41,0,N/A
190,큐렉소,"9,920",하락,90,-0.90%,500,"45,140",449,0,"4,076",-58,-55.73,"522,695","10,120","10,230","1,026",-612.71,-9.04,"10,120",52,92,-88,3.48,-8.34,"9,840",65,"41,090",555,-178,4.31,N/A,-23.81
191,서울반도체,"6,880",하락,10,-0.15%,500,"12,800",88,"6,940","4,011",8,-14.86,"193,877","6,880","6,980","12,612",101.61,-0.74,"6,970",50,"5,602",-19,9.39,-0.16,"6,880","3,976","58,305","10,905",-463,0.59,N/A,5.63
192,에프에스티,"18,210",하락,80,-0.44%,500,"5,493",100,"18,230","3,998",23,47.30,"84,727","18,320","18,300","5,061",121.21,0.60,"18,450",122,"2,620",-16,5.27,-0.36,"18,190",219,"21,956","2,374",385,1.48,5,20.14
193,유진로봇,"10,560",하락,90,-0.85%,500,"101,679","1,091",0,"3,961",-42,-81.23,"793,734","10,960","10,880",547,20.92,-8.56,"10,960",6,190,-32,13.51,-5.62,"10,555",66,"37,512",260,-130,11.87,N/A,35.12
194,동운아나텍,"18,860",상승,30,+0.16%,500,"2,314",44,0,"3,944",175,29.06,"158,581","18,970",0,988,-30.43,37.49,"18,970",0,275,247,5.32,26.72,"18,810",285,"20,910","1,383",649,5.84,109,24.02
195,에코앤드림,"22,150",하락,550,-2.42%,500,"11,842",264,"22,000","3,940",5,25.03,"123,987","22,500","22,750","4,058",116.42,8.41,"22,550","3,322","1,841",135,1.20,4.83,"22,100",5,"17,786","1,049",885,1.75,N/A,103.87
196,코오롱생명과학,"31,700",하락,300,-0.94%,500,"2,567",81,"32,000","3,938",-221,-4.95,"65,625","32,000","32,200","4,196",8.35,-64.87,"32,000",161,"2,702",-931,3.05,-25.54,"31,300",80,"12,423","1,614","-6,402",1.31,N/A,29.48
197,넵튠,"8,280",보합,0,0.00%,500,"12,788",106,0,"3,867",96,-29.89,"125,846","8,290",0,"4,075",345.59,0.53,"8,370",782,370,48,2.46,1.17,"8,270",5,"46,702","1,216",-277,0.99,0,21.91
198,인화정공,"39,950",하락,150,-0.37%,500,780,31,0,"3,841",103,-24.69,"24,142","40,100",0,"4,303",110.01,18.68,"40,450",15,"1,703",400,1.16,10.68,"39,600",21,"9,616",928,"-1,618",1.35,700,-10.74
199,넥스트바이오메디컬,"47,250",상승,750,+1.61%,500,"6,565",310,"47,850","3,840",-36,122.41,"86,393","47,800","47,950",588,31.60,14.56,"47,800",5,137,29,7.23,6.46,"46,900",46,"8,127",95,386,8.44,0,95.46
200,메디포스트,"11,220",상승,320,+2.94%,500,"15,648",172,0,"3,839",-485,-5.91,"110,984","11,060","10,910","4,143",-93.17,-22.22,"11,310",32,"1,617",-634,4.65,-14.68,"10,780",6,"34,218",707,"-1,899",1.80,N/A,2.93
201,하이록코리아,"31,050",하락,200,-0.64%,500,"6,893",214,"31,500","3,818",501,8.92,"136,234","31,500","31,600","4,727",-3.39,11.38,"31,500",206,367,480,27.03,10.49,"30,600",9,"12,295","1,905","3,480",0.89,"1,150",0.89
202,한국정보인증,"8,970",상승,140,+1.59%,500,"688,226","6,225","8,860","3,807",189,36.76,"5,702,664","9,090","8,900","4,053",35.02,6.14,"9,180",980,"1,731",124,0.82,3.40,"8,900",376,"42,441","1,219",244,1.87,150,32.18
203,오름테라퓨틱,"18,030",상승,60,+0.33%,100,"18,232",328,"17,970","3,799",-83,-49.53,"238,481","17,980","18,200","1,538",-108.72,-17.50,"18,090",27,321,-57,2.47,-3.64,"17,600",511,"21,069",209,-364,2.33,0,-84.56
204,켐트로닉스,"24,450",보합,0,0.00%,500,"17,136",421,"24,700","3,749",373,20.32,"133,713","24,700","24,850","6,417",95.24,10.70,"24,800",128,"4,066",214,7.88,3.77,"24,450",28,"15,334","5,752","1,203",1.86,200,6.08
205,퓨쳐켐,"16,880",하락,120,-0.71%,500,"11,649",197,"16,810","3,731",-95,-37.59,"170,044","16,940","17,000",744,-12.55,-15.94,"17,080",103,199,-94,4.20,-12.80,"16,840",151,"22,102",173,-449,7.28,N/A,23.81
206,파트론,"6,540",하락,20,-0.30%,500,"34,420",225,"6,620","3,728",617,8.25,"335,208","6,560","6,670","7,433",48.05,10.93,"6,600",5,"1,878",559,16.30,8.02,"6,520",153,"57,000","14,864",793,0.67,300,26.78
207,에코아이,"12,570",하락,190,-1.49%,500,"37,739",477,"12,760","3,725",2,-571.36,"1,075,445","12,830","12,800","1,498",-98.91,1.74,"12,850","2,211",213,23,1.67,1.50,"12,430",58,"29,631",258,-22,3.06,167,-60.25
208,코미팜,"5,130",상승,10,+0.20%,100,"7,974",41,"5,170","3,716",62,29.31,"134,112","5,150","5,200","1,228",198.72,22.11,"5,150",825,572,147,5.06,12.17,"5,110",12,"72,440",588,175,5.70,0,37.83
209,한국비엔씨,"5,430",하락,60,-1.09%,100,"88,933",485,"5,280","3,714",107,23.51,"741,957","5,490","5,330","2,671",77.07,6.06,"5,520",293,306,133,4.02,5.27,"5,420",144,"68,395",892,231,1.57,N/A,10.16
210,미래에셋벤처투자,"6,980",하락,140,-1.97%,"1,000","50,443",354,"7,120","3,708",157,-59.66,"1,309,138","7,080","7,130","10,608",-50.81,2.47,"7,140",155,"7,089",86,2.28,0.79,"6,960",973,"53,125","2,339",-117,1.07,85,7.75
211,칩스앤미디어,"17,390",하락,190,-1.08%,500,"39,111",694,"17,510","3,679",53,42.52,"213,895","17,890","17,590",840,-32.06,13.46,"17,900",73,82,100,2.99,12.16,"17,360",42,"21,157",271,409,4.67,100,-1.79
212,NHN KCP,"9,110",하락,10,-0.11%,500,"46,115",425,"8,770","3,659",438,8.62,"298,455","9,300","9,140","5,703",4.35,18.71,"9,400",91,"3,051",453,14.05,8.29,"9,100",86,"40,161","11,053","1,057",1.33,100,13.72
213,바디텍메드,"15,530",상승,20,+0.13%,"1,000","3,845",60,"15,670","3,647",262,13.08,"121,211","15,580","15,700","2,547",-8.17,13.75,"15,580",3,316,272,2.61,11.28,"15,480",239,"23,487","1,382","1,187",1.57,150,2.94
214,엔젤로보틱스,"24,000",하락,250,-1.03%,500,"5,494",132,"24,250","3,644",-108,-35.14,"50,752","24,400","24,400",439,-66.88,-40.84,"24,400",33,35,-100,2.67,-30.70,"23,900",52,"15,183",42,-683,9.43,0,-18.17
215,스피어,"9,390",하락,120,-1.26%,500,"22,531",214,"9,410","3,615",-64,-16.92,"247,364","9,510","9,510",446,29.77,-84.53,"9,640",13,134,-170,1.22,-53.40,"9,390","1,515","38,501",26,-555,5.97,0,54.88
216,큐리언트,"10,710",하락,440,-3.95%,500,"15,483",168,"11,130","3,612",-275,-14.53,"248,691","11,150","11,150",656,-18.37,-45.23,"11,150",26,54,-245,2.84,-41.42,"10,690","1,870","33,726",92,-737,7.07,0,1.64
217,덕산테코피아,"17,440",하락,520,-2.90%,500,"16,704",294,0,"3,571",-302,-5.99,"241,061","17,930",0,"6,630",-385.42,-28.30,"17,950",0,"4,572",-726,4.04,-12.33,"17,300",0,"20,477",997,"-2,911",1.90,N/A,5.97
218,기가비스,"28,150",하락,200,-0.71%,200,"1,118",31,"28,350","3,568",-18,123.46,"17,557","28,100","28,850","2,297",-105.10,1.63,"28,250",71,240,34,1.85,1.50,"28,050",149,"12,676",261,228,1.83,800,-71.42
219,GST,"19,250",상승,100,+0.52%,500,"12,911",248,"19,110","3,548",591,7.92,"114,852","19,210","19,200","3,348",38.89,18.71,"19,340",31,665,459,9.62,14.92,"19,150",111,"18,430","3,462","2,430",1.32,300,24.00
220,선익시스템,"37,050",하락,50,-0.13%,500,"2,032",75,"37,100","3,533",79,-15.48,"53,296","37,250","37,500","3,029",294.87,-47.86,"37,350",287,"2,565",-281,1.41,-12.83,"36,900",202,"9,537","1,129","-2,393",7.48,N/A,80.93
221,예스티,"16,780",상승,940,+5.93%,500,"35,026",590,"16,080","3,516",113,33.23,"46,101","16,240","16,100","2,044","2,839.92",10.51,"17,000",147,786,112,2.03,5.42,"16,230",302,"20,956","1,001",505,2.73,0,25.42
222,휴온스,"29,300",상승,300,+1.03%,500,"1,191",35,"28,750","3,510",397,11.01,"21,507","28,950","29,500","6,063",-29.12,8.77,"29,450",217,"2,557",291,17.91,5.09,"28,900",43,"11,980","5,902","2,661",0.97,630,6.93
223,삼표시멘트,"3,245",하락,10,-0.31%,500,"4,069",13,"3,265","3,502","1,039",6.40,"141,887","3,270","3,275","14,851",22.70,9.04,"3,275",43,"7,289",661,1.97,4.40,"3,245",40,"107,916","7,908",507,0.47,110,-4.00
224,지씨셀,"22,050",하락,150,-0.68%,500,"9,943",219,"20,000","3,484",-200,-4.24,"331,431","22,200","22,200","5,783",-590.55,-14.90,"22,400",871,"1,160",-757,5.57,-12.18,"21,750",44,"15,800","1,745","-5,205",0.75,N/A,-6.98
225,다원시스,"9,120",상승,340,+3.87%,500,"41,079",375,"9,030","3,480",76,-17.92,"1,232,968","9,200","9,200","7,457",-60.32,4.81,"9,200",145,"4,868",119,9.57,1.69,"9,040","12,826","38,163","3,015",-509,1.47,N/A,-15.74
226,씨앤씨인터내셔널,"34,750",상승,200,+0.58%,100,"5,006",174,"34,700","3,480",290,13.82,"163,672","34,900","35,000","2,951",-9.75,17.15,"35,000",80,893,324,4.07,11.78,"34,700",198,"10,014","2,829","2,514",1.74,"1,000",28.39
227,인바디,"25,700",하락,100,-0.39%,500,469,12,"25,800","3,465",367,11.21,"56,395","25,800","25,850","3,058",-4.20,12.71,"25,800",51,319,327,36.41,11.27,"25,550",703,"13,481","2,045","2,293",1.19,400,20.03
228,나이벡,"30,550",상승,"4,250",+16.16%,500,"323,605","9,693","30,000","3,454",-49,-29.15,"16,455","23,200","23,350","7,813",-39.33,12.04,"23,550",676,"1,366",734,2.99,9.65,"23,200",7,"14,700","4,019","3,216",0.52,200,-8.53
229,삼목에스폼,"23,350",보합,0,0.00%,500,489,11,"23,150","3,432",753,7.26,"239,275","29,900","30,050",625,-120.87,-30.54,"31,050","1,320",302,-93,1.11,-14.43,"28,750","1,732","11,306",246,"-1,048",10.83,0,56.33
230,에이직랜드,"31,500",하락,300,-0.94%,500,"4,875",155,"31,900","3,425",-170,-14.11,"48,376","32,100","32,100","1,671",-539.61,-15.39,"32,100",545,828,-140,1.42,-8.57,"31,500","3,012","10,872",941,"-2,233",4.47,N/A,26.84
231,CJ프레시웨이,"28,700",하락,250,-0.86%,"1,000","1,365",39,"28,950","3,407",940,13.00,"41,711","29,200","29,500","15,644",-5.27,7.36,"29,200",95,"11,490",274,13.90,1.87,"28,700",703,"11,872","32,248","2,207",0.83,450,4.90
232,토모큐브,"25,850",하락,100,-0.39%,500,"6,955",180,"25,100","3,405",-88,-34.33,"281,137","25,900","26,000",436,-30.40,-27.82,"26,000","1,883",16,-83,4.49,-26.20,"3,180","2,811","106,210","12,854",-19,1.17,N/A,-8.89
233,하림,"3,195",하락,10,-0.31%,500,"77,588",248,"3,205","3,393",285,-168.16,"1,382,000","3,205","3,210","8,328",-29.51,-4.11,"3,205","3,706","5,437",-123,4.11,-1.47,"25,650",109,"13,171",59,-753,8.52,0,58.48
234,월덱스,"20,500",하락,50,-0.24%,500,"4,269",87,"20,550","3,385",703,5.44,"77,330","20,650","20,900","3,918",8.45,23.78,"20,650",323,843,650,4.94,18.44,"20,300",115,"16,511","3,068","3,768",1.06,60,6.49
235,에이스침대,"30,400",하락,50,-0.16%,"1,000","1,169",36,"30,450","3,371",662,5.48,"21,544","30,450","30,500","7,824",16.14,9.70,"30,600",201,757,659,1.15,8.79,"30,200",85,"11,090","3,260","5,551",0.46,"1,450",6.39
236,에스티아이,"21,250",하락,100,-0.47%,500,"21,153",455,"21,400","3,364",273,12.88,"172,748","21,600","21,450","3,688",13.95,10.89,"21,650",787,"1,080",271,4.22,7.93,"21,250",75,"15,830","3,340","1,650",1.20,200,4.56
237,지노믹트리,"13,730",하락,30,-0.22%,500,"4,847",67,"13,760","3,347",-153,-31.86,"382,564","13,850","13,770","1,307",11.50,-8.24,"13,870",145,64,-104,0.92,-7.89,"13,720",302,"24,377",24,-431,2.72,0,-30.89
238,에이유브랜즈,"23,400",하락,150,-0.64%,100,"13,870",325,"23,750","3,313",124,29.00,"218,816","23,750","24,000",448,-23.35,38.45,"23,900",50,122,101,1.00,28.58,"22,950",81,"14,160",446,807,5.60,0,6.48
239,바텍,"22,150",하락,50,-0.23%,500,"2,721",60,"22,000","3,290",540,6.48,"11,694","22,200","22,200","6,503",-15.74,12.94,"22,300",410,"1,798",553,26.82,8.93,"22,000",3,"14,854","3,852","3,418",0.70,100,0.07
240,아이패밀리에스씨,"18,940",상승,70,+0.37%,500,"3,038",58,"19,000","3,280",336,13.26,"167,794","18,960","19,100","1,223",40.16,35.26,"19,090",120,308,283,6.73,26.68,"18,920",3,"17,320","2,049","1,428",3.40,118,37.79
241,제닉,"41,000",상승,900,+2.24%,500,"11,550",475,"40,900","3,267",60,26.94,"98,552","41,000","41,000",382,249.72,44.90,"41,500",22,160,76,5.81,24.57,"40,850","2,302","7,969",499,"1,522",12.50,N/A,77.80
242,CMG제약,"2,275",상승,5,+0.22%,500,"170,571",388,"2,275","3,255",10,-284.38,"2,601,369","2,305","2,295","3,034",-66.40,1.42,"2,305","15,883","1,139",27,4.10,0.99,"2,260","12,245","143,057",991,-8,1.68,0,5.53
243,쿠콘,"31,600",하락,600,-1.86%,500,"38,504","1,230","31,800","3,240",166,17.73,"275,996","32,400","32,200","2,629",0.02,11.48,"32,400",575,"1,161",158,2.81,6.71,"31,450",265,"10,255",730,"1,782",2.16,150,6.84
244,노바렉스,"17,240",하락,310,-1.77%,500,"27,199",471,"17,180","3,233",232,12.24,"124,915","17,550","17,550","2,896",-9.06,10.97,"17,710",38,693,238,5.84,8.60,"16,630",620,"18,755","2,977","1,408",1.37,200,-1.47
245,노머스,"29,700",하락,400,-1.33%,500,"3,758",112,"29,450","3,230",82,29.06,"93,207","30,000","30,100",988,"4,101.07",15.81,"30,000",296,127,99,6.92,13.63,"11,280","2,594","28,455",356,295,7.40,N/A,N/A
246,듀켐바이오,"11,330",상승,60,+0.53%,500,"3,257",37,"11,340","3,224",51,38.41,"56,459","11,450","11,770",652,N/A,N/A,"11,450",247,222,80,1.27,N/A,"29,550",47,"10,876",689,"1,022",3.52,0,62.92
247,아주IB투자,"2,660",하락,30,-1.12%,500,"27,156",72,"2,690","3,217",84,83.12,"967,800","2,670","2,695","3,417",-52.70,3.20,"2,685","1,751",806,83,1.68,2.39,"2,660",177,"120,945",656,32,1.23,50,-11.09
248,신성에스티,"35,350",상승,"1,150",+3.36%,500,"25,939",935,"35,200","3,196",88,46.70,"148,940","36,250","35,700","1,444",5.16,7.11,"36,650",69,419,71,1.96,5.06,"17,690",47,"18,000","11,863","3,481",0.49,650,15.60
249,한양이엔지,"17,740",상승,230,+1.31%,500,"8,825",157,"17,550","3,193",862,5.10,"70,185","17,750","17,640","9,087",1.27,13.45,"17,850",186,"3,067",764,14.13,8.80,"35,150","1,203","9,040","1,270",757,3.00,200,1.89
250,에스앤디,"109,200",상승,"5,100",+4.90%,500,"8,088",869,"104,100","3,159",201,17.45,"48,986","106,300","107,000",930,56.19,21.74,"109,400",89,250,170,6.46,17.11,"105,500",171,"2,893","1,161","6,259",4.50,800,31.56
251,오상헬스케어,"21,600",하락,50,-0.23%,500,"1,363",30,"21,700","3,134",-248,-35.76,"48,787","21,850","21,800","2,950",-117.35,-3.93,"21,850",492,90,-114,1.16,-3.70,"21,500",242,"14,509",805,-604,1.05,500,-77.38
252,한국정보통신,"8,330",상승,50,+0.60%,500,512,4,"8,100","3,119",391,6.95,"27,749","8,300","8,240","4,629",9.66,15.09,"8,340",452,"1,564",435,62.89,9.62,"8,300",44,"37,444","7,910","1,199",0.95,N/A,9.08
253,브이엠,"12,890",하락,10,-0.08%,100,"2,981",38,"13,090","3,103",-86,314.39,"116,234","13,090","13,100","1,657",21.56,-2.80,"13,090",285,414,-35,3.59,-2.18,"12,730",8,"24,076",703,41,2.41,N/A,170.21
254,가비아,"22,850",상승,300,+1.33%,500,"4,913",112,"20,500","3,093",351,21.97,"53,150","22,550","21,850","6,345",-17.59,9.49,"22,950","2,358","2,878",286,36.93,5.21,"22,550",112,"13,536","2,824","1,040",1.81,80,7.96
255,KG에코솔루션,"6,460",보합,0,0.00%,500,"21,970",141,"6,460","3,075","2,265",4.77,"158,456","6,400","6,490","62,134",-26.87,6.74,"6,530",499,"32,544","2,142",3.65,3.55,"25,300",41,"11,902",451,-726,4.56,N/A,8.88
256,에이치브이엠,"25,750",상승,50,+0.19%,500,"9,943",256,"25,000","3,065",-68,-35.47,"124,639","25,700","25,100","1,196",-282.11,-17.39,"26,050",173,535,-84,2.49,-8.19,"6,400",26,"47,603","72,849","1,353",0.19,120,0.38
257,클리오,"16,850",상승,30,+0.18%,500,"5,635",95,"16,700","3,045",246,14.90,"161,707","16,920","16,730","2,954",-27.23,12.43,"16,970",144,615,272,4.79,9.45,"16,850",23,"18,071","3,514","1,131",1.28,400,6.29
258,비보존 제약,"6,060",상승,40,+0.66%,"2,500","10,840",66,"5,990","3,036",29,-23.22,"182,296","6,160","6,020","1,844",10.36,-9.48,"6,170","2,172",780,-100,0.98,-5.58,"6,050",7,"50,105",876,-261,2.95,N/A,22.83
259,우주일렉트로,"32,850",하락,50,-0.15%,500,"3,053",99,"32,900","3,035",201,14.48,"182,329","32,900","33,300","3,277",151.12,8.46,"33,150",99,814,198,7.86,6.34,"32,150","1,003","9,240","1,762","2,268",1.06,300,10.18
260,마녀공장,"18,470",상승,150,+0.82%,100,"7,390",137,"18,410","3,025",186,18.68,"80,532","18,540","18,500","1,295",16.99,15.53,"18,590",441,157,164,0.74,13.93,"18,450",129,"16,378","1,279",989,2.60,N/A,21.83
261,피아이이,"8,410",상승,40,+0.48%,100,"46,488",392,"8,470","3,013",94,25.80,"931,589","8,470","8,500",980,136.17,22.56,"8,480",217,462,99,0.66,10.41,"8,400",467,"35,826","1,240",326,4.48,N/A,44.51
262,킵스파마,"15,790",하락,100,-0.63%,500,"14,918",237,"15,890","3,012",62,-40.70,"275,765","15,910","15,950","1,652",103.14,2.07,"16,150",134,"1,020",16,2.20,1.14,"15,760",130,"19,076","1,276",-388,5.45,0,38.48
263,제이브이엠,"24,850",하락,50,-0.20%,500,"2,753",68,"24,700","3,004",307,10.59,"50,551","24,850","25,000","2,848",3.04,15.11,"24,900",463,825,288,12.11,10.64,"24,750",485,"12,090","1,594","2,346",1.40,500,1.50
264,매일유업,"38,300",하락,350,-0.91%,500,664,25,"38,500","3,004",703,7.48,"16,180","38,400","38,650","10,263",-2.62,8.16,"38,400",298,"4,510",455,12.70,4.56,"38,250",40,"7,844","18,114","5,120",0.48,"1,250",1.60
265,폰드그룹,"9,280",하락,190,-2.01%,500,"17,137",160,"9,370","3,002",413,11.41,"428,112","9,370","9,380","4,227","6,089.52",12.62,"9,370",507,"1,850",272,0.66,7.13,"9,270",63,"32,344","3,687",813,1.42,0,-21.77
266,오픈엣지테크놀로지,"13,600",하락,220,-1.59%,100,"12,762",175,"13,500","2,992",-246,-12.21,"117,333","13,800","13,650",867,-55.15,-67.14,"14,150",167,260,-273,6.44,-41.54,"13,600",8,"22,003",153,"-1,114",6.57,250,"13,154.52"
267,나우로보틱스,"23,650",하락,600,-2.47%,500,"87,991","2,103","24,250","2,968",-29,-53.75,"463,095","24,400","24,300",163,47.80,-285.18,"24,500",974,105,-37,0.12,-26.63,"23,500",52,"12,548",121,-440,40.86,0,15.89
268,대화제약,"15,750",하락,100,-0.63%,500,"11,033",174,"15,800","2,932",67,167.55,"214,037","15,980","15,900","2,059",241.83,0.73,"15,980",133,"1,295",8,0.01,0.39,"15,710",130,"18,617","1,494",94,3.95,150,5.70
269,HLB이노베이션,"2,030",하락,10,-0.49%,500,"12,070",25,"2,040","2,929",-119,-16.24,"419,676","2,040","2,055","2,680",N/A,N/A,"2,040","1,398",160,-124,2.27,N/A,"2,020",157,"144,304",254,-125,1.24,N/A,N/A
270,필에너지,"13,550",하락,150,-1.09%,500,"5,366",73,"13,500","2,897",142,35.47,"82,401","13,700","13,800","2,121",-7.25,10.39,"13,830",12,691,134,1.91,5.79,"13,520",20,"21,378","2,854",382,2.11,67,45.08
271,원익머트리얼즈,"22,975",하락,75,-0.33%,500,"10,966",254,"23,100","2,897",519,8.34,"145,438","23,350","23,150","5,833",110.29,6.84,"23,350",230,"1,021",318,17.78,5.88,"22,925",93,"12,608","3,107","2,755",0.59,350,-20.67
272,인탑스,"16,750",하락,120,-0.71%,500,"5,697",95,"16,760","2,881",38,22.42,"91,437","16,830","16,860","9,007",-79.33,3.34,"16,850",182,"1,289",234,6.51,2.66,"16,650",72,"17,200","6,147",747,0.40,200,6.46
273,프레스티지바이오로직스,"3,720",하락,55,-1.46%,500,"19,553",73,"3,755","2,880",-334,-7.88,"58,280","3,805","3,775","2,894",24.39,-34.26,"3,805",59,"2,177",-294,41.56,-9.87,"5,790","7,312","49,725","2,763",127,3.19,N/A,156.07
274,폴라리스오피스,"5,790",하락,10,-0.17%,500,"29,438",172,"5,900","2,879",48,45.59,"395,743","5,900","5,930","5,198",-23.14,9.19,"5,900",394,857,186,1.59,4.45,"5,440",286,"52,619",888,204,3.11,N/A,40.31
275,슈어소프트테크,"5,470",하락,120,-2.15%,100,"111,746",614,"5,570","2,878",79,26.81,"6,560,673","5,540","5,590","1,624",-31.22,12.40,"5,550","1,067",563,101,1.11,6.29,"2,865",64,"99,995","28,895",503,0.66,200,34.70
276,에스에이엠티,"2,875",보합,0,0.00%,500,"26,244",75,"2,845","2,875",674,5.72,"459,072","2,865","2,870","8,330",25.83,13.46,"2,880","10,013","4,024",544,5.43,7.23,"3,705",100,"77,418",22,-472,2.15,0,-37.32
277,엣지파운드리,"3,660",하락,80,-2.14%,500,"54,358",202,"3,740","2,866",-51,-174.29,"1,153,916","3,740","3,750","1,316",-4.87,-27.09,"3,795","4,105",547,-180,0.47,-15.27,"3,655",59,"78,307",373,-21,2.46,0,0.70
278,아이티엠반도체,"12,630",하락,270,-2.09%,500,"3,248",41,"12,900","2,865",24,-53.52,"42,896","12,780","13,030","5,952",116.15,0.64,"12,880",139,"4,008",12,2.42,0.20,"12,600",16,"22,683","6,479",-236,1.44,N/A,11.61
279,상아프론테크,"17,910",하락,180,-1.00%,500,"3,842",69,"17,950","2,864",58,55.79,"62,124","18,060","17,980","3,622",-34.70,3.13,"18,060",132,"1,612",62,3.95,1.73,"17,910",15,"15,989","1,718",321,1.41,200,-6.45
280,유진기업,"3,695",하락,5,-0.14%,500,"3,438",13,"3,680","2,857",550,-4.52,"307,510","3,725","3,695","23,749",-34.86,-6.18,"3,725",159,"13,482","-1,007",4.76,-4.32,"3,695",173,"77,311","13,933",-817,0.28,170,-5.44
281,티에프이,"25,050",하락,350,-1.38%,100,"3,341",85,"25,400","2,851",44,119.29,"40,756","25,500","25,600","1,267",-52.40,1.94,"25,500",357,483,15,1.66,1.33,"25,050",638,"11,381",736,210,3.40,N/A,-8.34
282,샘씨엔에스,"4,865",하락,20,-0.41%,500,"13,186",64,"4,885","2,841",52,74.85,"81,019","4,900","4,900","2,222",278.57,2.70,"4,925","1,744",782,33,1.15,1.60,"4,850","1,448","58,388",533,65,1.91,N/A,72.35
283,디오,"18,920",하락,20,-0.11%,500,"2,347",44,"18,880","2,835",-407,-6.39,"41,108","18,640","19,600","3,433",-294.94,-20.74,"19,160",3,"1,392",-413,13.91,-11.62,"18,640",594,"14,982","1,196","-2,963",1.29,0,-23.21
284,제이오,"8,850",하락,120,-1.34%,100,"19,084",169,"9,030","2,834",-55,-28.01,"615,163","9,160","9,120","2,226",-145.39,-5.67,"9,160",20,442,-89,2.69,-4.24,"8,800",13,"32,018",829,-316,1.48,N/A,-27.62
285,KG이니시스,"10,230",상승,110,+1.09%,500,"13,112",134,"10,150","2,819",610,7.73,"693,746","10,250","10,240","18,664",-42.61,8.63,"10,290",65,"11,128",447,7.62,2.50,"10,200",92,"27,554","13,543","1,324",0.56,500,0.71
286,큐브엔터,"18,670",하락,160,-0.85%,500,"10,372",195,"18,600","2,801",166,20.77,"115,794","18,760","18,850","2,700",7.42,13.61,"18,990",39,"1,117",166,5.85,7.85,"18,600",442,"15,002","2,183",899,1.64,N/A,53.43
287,뷰노,"20,000",상승,260,+1.32%,100,"10,991",220,"20,000","2,800",-125,-22.42,"112,579","20,000","20,300",502,20.58,-72.91,"20,200",25,195,-130,3.29,-35.80,"19,980",338,"14,002",259,-892,10.14,0,94.86
288,에코마케팅,"8,810",상승,20,+0.23%,100,"2,296",20,"8,820","2,772",470,10.03,"44,297","8,880","8,830","4,038",-14.75,12.87,"8,880",16,"1,213",362,11.44,9.64,"8,760",532,"31,468","3,572",878,1.15,500,1.92
289,LS증권,"4,965",상승,70,+1.43%,"5,000","54,264",272,"4,910","2,755",218,25.33,"378,960","4,930","4,925","87,797",-34.30,1.84,"5,080","1,850","79,083",166,1.49,0.20,"4,930",67,"55,481","16,537",196,0.32,100,25.07
290,프로텍,"25,000",하락,500,-1.96%,500,"1,719",43,"25,600","2,750",134,10.15,"39,314","25,250","25,800","3,768",-22.89,7.35,"6,100",312,"1,056",261,7.10,12.60,"5,940",290,"45,574","2,073",634,2.44,100,31.60
291,오리엔탈정공,"6,030",상승,80,+1.34%,500,"62,566",378,"5,910","2,748",249,9.51,"623,394","5,960","5,930","2,157",94.84,26.45,"5,930","1,073","1,731",-189,5.47,-3.62,"5,820",126,"46,564","2,088",-502,0.82,N/A,-5.48
292,인선이엔티,"5,900",상승,70,+1.20%,500,"17,814",105,"5,830","2,747",232,-11.75,"238,486","5,820","5,870","4,957",-10.18,-5.66,"13,400","2,193",696,31,4.30,2.34,"13,130",20,"20,775","1,051",207,2.39,0,N/A
293,동방메디컬,"13,210",상승,10,+0.08%,500,"63,001",835,"13,200","2,744",150,63.82,"1,754,936","13,350","13,230","1,504",-8.69,4.60,"1,649","18,793","1,828",-225,2.45,-8.81,"1,606",12,"170,462",257,-112,4.32,0,15.67
294,유니슨,"1,608",하락,34,-2.07%,500,"315,420",511,"1,642","2,741",-125,-14.36,"3,745,519","1,642","1,644","2,490",36.06,-36.03,"18,240",504,68,72,0.40,N/A,"17,910",289,"15,044",296,N/A,N/A,0,-76.12
295,바이오비쥬,"18,210",상승,430,+2.42%,500,"100,498","1,812","18,550","2,740",92,N/A,"511,865","18,070","18,600",378,N/A,N/A,"24,300",7,67,-135,2.77,-25.68,"23,500",258,"11,608",69,"-1,402",3.94,N/A,-9.83
296,씨메스,"23,550",하락,250,-1.05%,500,"11,925",284,"23,950","2,734",-143,-16.80,"74,065","24,100","24,000",810,-43.04,-28.80,"25,400",33,540,127,2.76,3.45,"24,850",6,"11,000","1,703","2,462",0.73,400,9.11
297,뉴로메카,"24,000",하락,100,-0.41%,500,"3,244",78,"24,250","2,721",-190,-13.90,"46,049","24,300","24,300",952,-28.26,-95.95,"24,300",220,844,-168,1.17,-17.55,"23,950",27,"11,338",253,"-1,726",11.83,0,83.87
298,웹케시,"19,900",하락,40,-0.20%,500,"93,458","1,878","19,750","2,714",139,34.55,"987,825","19,910","19,760","1,259",N/A,N/A,"20,300","2,018",236,72,1.99,N/A,"19,900",498,"13,636",742,576,2.47,100,N/A
299,더즌,"3,760",상승,125,+3.44%,100,"4,207,148","16,261","3,700","2,685",100,23.35,"10,384,956","3,845","3,740","1,157",-6.08,28.06,"3,960","1,082",743,99,0.74,9.39,"3,755","5,795","71,413",627,161,4.03,0,48.96
300,셀비온,"20,900",상승,500,+2.45%,500,"10,168",211,"20,600","2,679",-71,-33.55,"96,916","20,800","21,000",344,-41.51,-39.20,"21,000",425,48,-73,6.26,-31.76,"20,550",15,"12,816",23,-623,9.51,0,55.64
301,소룩스,"5,470",하락,110,-1.97%,500,"140,520",778,"5,350","2,666",-66,-5.23,"1,710,709","5,580","5,360","1,173","-1,383.71",-58.22,"5,620",780,390,-410,0.18,-29.53,"5,460","2,109","48,740",507,"-1,046",2.98,0,-29.53
302,중앙첨단소재,"2,615",하락,75,-2.79%,500,"270,311",712,"2,650","2,662",-78,-3.80,"2,049,425","2,660","2,675","1,245","-13,814.06",-95.94,"2,675","1,844",278,-768,5.59,-60.25,"2,610",560,"101,802",187,-688,2.78,0,-15.28
303,슈프리마,"36,600",하락,250,-0.68%,500,"1,805",66,"36,800","2,656",233,7.71,"43,051","37,200","36,850","2,601",39.76,14.74,"37,200",221,235,325,19.54,13.58,"36,600",5,"7,257","1,082","4,747",1.03,0,-28.92
304,석경에이티,"48,650",상승,150,+0.31%,500,501,24,"48,400","2,654",20,45.81,"6,993","49,150","49,500",492,-42.34,11.43,"49,150",97,94,43,1.21,9.70,"48,500",94,"5,455",138,"1,062",6.35,0,14.37
305,디아이티,"14,030",상승,30,+0.21%,100,"2,233",31,"14,100","2,652",241,8.76,"79,679","14,100","14,200","2,409",178.68,14.50,"14,190",31,280,289,5.12,12.78,"14,030",201,"18,900","1,167","1,601",1.22,N/A,13.28
306,온코닉테라퓨틱스,"24,050",상승,400,+1.69%,500,"34,222",815,"23,650","2,646",-48,-27.61,"338,915","24,000","23,000",609,-315.06,-44.55,"24,100",27,49,-81,1.57,-16.44,"23,600",636,"11,002",148,-871,4.48,380,8.96
307,한솔아이원스,"9,230",하락,90,-0.97%,500,"4,515",42,"9,590","2,639",231,8.05,"126,163","9,420","9,670","2,319",180.71,18.60,"9,420",141,497,311,5.22,13.72,"9,200",615,"28,593","1,571","1,146",1.32,0,26.79
308,아이스크림미디어,"20,000",보합,0,0.00%,500,"1,252",25,"19,900","2,635",461,8.02,"62,027","20,000","20,000","2,229",35.41,23.29,"20,100",17,396,311,8.07,18.42,"19,820","2,394","13,177","1,522","2,493",1.52,50,-10.33
309,미래나노텍,"8,480",하락,190,-2.19%,500,"19,648",167,"8,680","2,630",249,8.59,"325,403","8,590","8,690","5,976",81.41,8.51,"8,660",351,"2,802",258,4.83,4.22,"8,410",258,"31,010","6,223",987,0.84,738,23.67
310,AP시스템,"17,170",상승,50,+0.29%,500,"2,471",42,"17,160","2,624",472,5.72,"84,036","17,200","17,230","5,998",-21.51,15.74,"17,200",282,"2,632",518,10.11,8.85,"17,110",300,"15,281","5,167","3,002",0.75,530,-3.16
311,툴젠,"30,500",하락,150,-0.49%,500,"2,139",65,"30,800","2,618",-218,37.01,"16,037","30,000","31,600",755,-27.57,14.08,"30,750",215,170,62,1.17,7.38,"30,000",21,"8,583",9,824,4.83,0,-19.25
312,더블유씨피,"7,730",하락,40,-0.51%,500,"31,979",248,"7,780","2,616",-709,-2.39,"1,060,275","7,820","7,790","18,102",-252.91,-7.33,"7,850",815,"8,415",-722,5.35,-4.56,"7,700",351,"33,843","3,221","-3,229",0.27,N/A,5.60
313,와이씨켐,"25,750",하락,50,-0.19%,"1,000","9,847",256,"26,000","2,603",-82,-17.43,"96,521","26,300","26,300","1,163",-4.30,-30.46,"26,300",455,718,-160,1.97,-13.56,"25,650",453,"10,111",703,"-1,477",5.49,N/A,12.90
314,엠아이텍,"8,020",보합,0,0.00%,500,"2,404",19,"8,020","2,596",176,14.05,"56,359","8,040","8,140","1,185",24.96,18.13,"8,040","1,213",97,183,7.06,16.83,"8,020","1,577","32,366",538,571,2.33,100,15.88
315,자람테크놀로지,"41,700",상승,150,+0.36%,500,854,36,"41,350","2,584",4,-279.87,"24,952","42,350","41,550",784,117.07,5.09,"42,350",102,359,20,2.45,3.42,"41,650",21,"6,198",222,-149,6.32,N/A,90.74
316,시너지이노베이션,"2,920",보합,0,0.00%,500,"26,694",78,"2,920","2,573",161,63.48,"206,962","2,920","2,925","3,141",7.51,5.75,"2,920","1,836",790,181,12.50,6.05,"2,895",200,"88,103",906,46,1.32,0,8.88
317,비덴트,"3,320",보합,0,0.00%,500,0,0,0,"2,563",-111,5.25,0,0,0,"7,408",-11.76,11.16,0,0,"1,026",672,1.42,9.67,0,0,"77,202",96,632,0.40,N/A,-3.82
318,이지홀딩스,"3,965",하락,50,-1.25%,500,"34,241",136,"4,020","2,558","1,234",18.79,"240,980","4,015","4,030","28,559",18.90,2.70,"4,015","1,723","16,493",351,4.74,1.30,"3,950",676,"64,516","32,850",211,0.39,250,5.32
319,에스바이오메딕스,"21,550",보합,0,0.00%,500,"11,122",238,"21,550","2,556",-54,-35.33,"124,203","21,650","21,750",446,9.06,-70.89,"21,700",322,263,-58,1.52,-15.21,"21,150",653,"11,860",137,-610,24.43,0,4.77
320,해성산업,"7,790",하락,60,-0.76%,500,"1,611",13,"7,870","2,536",714,-162.29,"47,068","7,880","7,880","25,920",-32.81,0.79,"7,900","1,016","12,440",-34,1.30,-0.13,"7,790",62,"32,557","22,204",-48,0.33,225,-3.81
321,엑스게이트,"8,870",하락,90,-1.00%,100,"71,792",641,"8,950","2,532",35,87.82,"1,711,971","8,970","8,960",671,-15.05,9.43,"8,990",182,227,40,0.58,6.83,"8,830",972,"28,543",432,101,5.82,N/A,0.92
322,인트로메딕,"5,850",보합,0,0.00%,100,0,0,0,"2,515",-15,-42.39,0,0,0,105,58.32,-101.85,0,0,48,-70,0.76,-49.54,0,0,"42,998",104,-138,41.17,0,4.09
323,펨트론,"11,800",상승,280,+2.43%,500,"7,863",92,"11,670","2,512",-36,-78.67,"111,361","11,670","11,720",717,-144.94,-6.32,"11,840",26,436,-19,6.80,-2.61,"11,520",220,"21,288",570,-150,9.74,N/A,-22.67
324,제테마,"7,000",하락,10,-0.14%,500,"3,419",24,"7,000","2,510",41,-102.94,"82,316","7,020","7,010","2,227",56.09,-0.26,"7,090",4,"1,513",-26,1.14,-1.13,"6,910",305,"35,859",685,-68,3.65,0,16.70
325,티엑스알로보틱스,"16,210",하락,180,-1.10%,500,"15,431",252,"16,550","2,505",53,49.88,"148,212","16,550","16,600",732,46.50,14.93,"16,550",206,433,38,1.07,5.84,"16,210",6,"15,451",572,325,3.61,N/A,118.19
326,지씨지놈,"10,560",하락,250,-2.31%,500,"372,780","3,955","10,790","2,498",-12,N/A,"6,956,881","10,740","10,800",406,-870.57,-4.33,"10,780",118,75,-13,0.10,-3.01,"2,740",280,"90,808","5,204",28,0.24,80,-29.35
327,동원개발,"2,750",하락,10,-0.36%,500,"5,076",14,"2,740","2,497",210,98.21,"165,275","2,740","2,780","13,783",-29.97,1.76,"2,800",710,"3,320",183,2.95,1.30,"3,070",351,"80,850","8,424",974,0.28,2,9.73
328,GRT,"3,085",보합,0,0.00%,0,"5,025",16,"3,085","2,494","1,470",3.17,"292,058","3,100","3,090","16,913",86.68,12.05,"3,100","1,019","7,628","1,105",79.96,6.96,"15,420",21,"16,163","1,996","1,431",1.22,200,13.78
329,매커스,"15,430",하락,80,-0.52%,500,"8,155",128,"15,400","2,494",269,10.78,"76,898","15,650","15,700","4,092",2.04,18.59,"15,850",182,"2,958",202,18.06,5.76,"9,160",3,"26,978",159,-718,7.38,0,-27.52
330,골프존홀딩스,"5,820",하락,60,-1.02%,500,"5,311",31,"5,860","2,493",394,5.11,"109,391","5,880","5,880","10,503",-26.50,6.02,"9,350","1,806",294,-108,0.95,-23.19,"21,400",10,"11,647","1,025",-840,3.39,0,10.79
331,제이에스링크,"9,240",상승,100,+1.09%,500,"8,640",80,"9,150","2,493",-91,-12.87,"100,946","9,290","9,240",544,-109.85,-42.11,"22,000",262,"1,106",-146,1.59,-7.52,"10,470","6,626","23,651",259,N/A,N/A,0,-5.15
332,이스트소프트,"21,400",상승,100,+0.47%,500,"21,918",475,"21,500","2,492",-135,-25.48,"141,141","21,900","21,550","1,991",-51.08,-16.62,"5,880",738,"3,037",436,3.30,4.18,"5,790","1,242","42,837","3,862","1,139",0.31,250,-8.94
333,진성티이씨,"11,010",하락,10,-0.09%,500,"14,236",157,"11,020","2,475",244,10.97,"232,399","11,090","11,050","4,554",-38.26,8.48,"25,950","1,037",206,22,2.95,1.94,"25,300",525,"9,750",891,-27,2.75,N/A,-13.19
334,로보스타,"25,300",하락,250,-0.98%,500,"9,830",251,"25,650","2,467",1,-937.04,"68,803","25,900","25,950","1,126",-86.92,2.44,"11,090","1,537","1,931",210,7.48,4.89,"10,970",31,"22,482","3,905","1,004",0.83,200,-19.50
335,이트론,271,보합,0,0.00%,200,0,0,0,"2,456",-56,24.64,0,0,0,"1,195",0.61,-2.85,0,0,235,-23,3.54,-1.90,0,0,"906,131",163,11,2.53,0,-45.05
336,네오위즈홀딩스,"28,500",하락,300,-1.04%,500,"1,270",36,"28,500","2,449",204,-14.94,"65,973","28,500","28,550","8,225",17.46,-3.65,"29,100",280,"1,467",-196,3.39,-2.28,"28,500",27,"8,594","3,681","-1,908",0.57,313,0.40
337,네오팜,"15,230",상승,30,+0.20%,500,"1,100",17,"15,030","2,441",247,10.13,"58,033","15,270","15,100","1,924",-2.58,13.69,"15,280",309,156,231,14.44,12.47,"15,110",88,"16,028","1,190","1,503",1.36,600,22.56
338,씨어스테크놀로지,"19,320",하락,280,-1.43%,500,"5,382",104,0,"2,433",-87,-34.75,"54,378","19,410","19,010",281,11.44,-60.13,"19,650",0,67,-89,3.86,-39.23,"19,220","1,468","12,591",81,-556,11.61,N/A,329.69
339,토비스,"15,075",하락,45,-0.30%,500,"7,596",115,"15,150","2,422",584,4.43,"206,138","15,160","15,160","5,281",127.52,26.76,"15,250","1,831","2,636",613,12.25,12.06,"15,060",164,"16,067","6,238","3,400",0.94,300,39.43
340,컴투스홀딩스,"36,700",상승,"1,200",+3.38%,500,"4,555",167,"35,500","2,420",-506,-5.48,"85,480","36,700","35,600","5,420","-1,408.36",-13.72,"36,700",33,"3,305",-425,4.01,-7.47,"36,700",24,"6,595","1,493","-6,695",1.01,N/A,-2.49
341,KH바텍,"10,190",하락,60,-0.59%,500,"3,181",32,"10,230","2,413",219,10.53,"37,804","10,240","10,240","3,871",-34.96,8.33,"10,270",145,"1,248",213,8.03,5.84,"1,400","2,298","171,049",804,-312,1.47,N/A,-45.41
342,에이디테크놀로지,"17,820",하락,350,-1.93%,500,"18,517",334,"17,990","2,395",-170,-14.35,"186,691","18,330","18,340","2,449",2.61,-10.24,"18,380","1,027","1,133",-152,2.17,-5.68,"10,170",18,"23,677","3,110",968,0.86,330,-14.46
343,리파인,"13,820",상승,220,+1.62%,100,"4,619",64,"13,500","2,395",205,13.20,"109,459","13,600","13,680","1,816",-9.08,12.53,"13,900","1,074",112,206,3.45,11.63,"13,500",121,"17,330",678,"1,047",1.18,N/A,2.05
344,위지윅스튜디오,"1,400",하락,15,-1.06%,500,"79,690",113,0,"2,395",-118,-4.49,"805,478","1,415","1,420","2,935",41.74,-28.05,"1,438","2,685","1,199",-603,5.17,-19.10,"11,300",312,"21,134",924,"-1,125",2.02,N/A,-44.90
345,유니테스트,"11,320",하락,130,-1.14%,500,"11,330",129,"11,450","2,392",-234,-10.06,"124,018","11,490","11,460","1,850",-428.15,-19.88,"11,490",60,680,-273,6.78,-14.28,"17,900",5,"13,309","1,571",-807,1.51,N/A,-4.32
346,에치에프알,"17,930",하락,180,-0.99%,500,"3,771",68,"18,030","2,386",-202,-22.22,"30,796","18,290","18,240","2,711",-140.39,-11.34,"18,290",147,"1,123",-185,6.02,-6.86,"17,730",650,"13,441","1,065","-1,242",1.77,N/A,6.36
347,앱클론,"12,450",하락,170,-1.35%,500,"18,172",225,"12,620","2,377",-156,-13.29,"125,447","12,710","12,710",482,-33.87,-57.57,"12,710",690,188,-163,8.57,-34.83,745,"2,204","315,610","4,626",256,0.34,30,21.08
348,한국캐피탈,750,상승,8,+1.08%,500,"36,276",27,742,"2,367",969,2.93,"1,170,145",745,744,"44,603",17.93,12.62,750,394,"37,866",811,0.41,1.94,"11,880",35,"19,868","1,822",818,1.63,103,-11.88
349,잉글우드랩,"11,900",상승,70,+0.59%,0,"26,193",314,"12,000","2,364",188,14.55,"493,029","12,000","12,020","1,997",-34.86,15.17,"12,020","4,168",558,196,10.76,10.51,"12,280",3,"19,093",23,-937,9.58,0,-18.67
350,원일티엔아이,"27,800",상승,"1,900",+7.34%,500,"256,389","7,224","27,350","2,330",64,N/A,"274,896","27,500","27,400",730,122.86,24.45,"28,850",470,369,79,0.72,11.67,"27,350","1,954","8,381",422,N/A,N/A,0,0.74
351,JTC,"4,550",상승,15,+0.33%,0,"19,961",91,"4,535","2,354",219,7.22,"311,939","5,460","5,460","9,415",102.30,7.43,"5,460",957,"5,465",232,4.34,2.87,"5,340",903,"43,693","5,198",455,0.79,50,48.24
352,뉴파워프라즈마,"5,370",하락,80,-1.47%,100,"28,397",153,"5,450","2,346",325,11.80,"104,939","26,150","26,050","1,668",175.55,36.13,"26,200",295,864,154,2.49,10.61,"25,600",6,"9,058","1,773","2,036",2.87,N/A,45.83
353,한중엔시에스,"25,900",하락,100,-0.38%,500,"5,043",131,"26,000","2,346",96,12.72,0,0,0,543,36.27,-15.32,0,0,66,-49,0.00,-12.16,0,0,"80,201",39,-65,4.90,N/A,"5,083.24"
354,파멥신,"2,915",보합,0,0.00%,500,0,0,0,"2,338",-77,-44.85,"274,896","27,500","27,400",730,122.86,24.45,"28,850",470,369,79,0.72,11.67,"27,350","1,954","8,381",422,N/A,N/A,0,0.74
355,박셀바이오,"9,980",하락,70,-0.70%,500,"5,699",57,"10,350","2,321",-150,-21.28,"84,696","10,130","10,600",769,-30.68,-13.67,"10,140",76,49,-106,4.50,-13.12,"9,910",541,"23,257",19,-469,3.23,0,"13,737.28"
356,동신건설,"27,550",상승,50,+0.18%,500,"12,544",348,"27,800","2,314",6,155.65,"195,722","28,050","27,850","1,126",-90.76,3.07,"28,100",583,139,30,1.51,2.60,"27,200",62,"8,400",690,177,2.41,250,-16.65
357,모두투어,"12,230",하락,110,-0.89%,500,"3,198",39,"12,340","2,311",47,23.12,"97,506","12,360","12,500","2,349",-59.75,15.33,"12,370",62,"1,638",108,13.59,4.06,"12,220","1,881","18,900","2,516",529,2.87,250,40.86
358,휴림로봇,"2,090",하락,35,-1.65%,500,"349,996",740,"2,125","2,304",-49,-104.50,"1,989,853","2,140","2,130","3,349",-165.20,-5.59,"2,140","20,895","1,225",-94,2.37,-4.16,"2,090",288,"110,238","1,331",-20,1.88,N/A,61.01
359,네패스,"9,990",하락,270,-2.63%,500,"20,645",210,"10,270","2,304",34,-5.75,"707,261","10,450","10,360","7,101",-66.22,-48.21,"10,500","1,034","5,029",-794,8.05,-9.49,"9,960",35,"23,059","4,643","-1,736",2.11,N/A,-0.99
360,제넥신,"5,040",하락,50,-0.98%,500,"1,943",10,"5,000","2,295",-372,-3.09,"57,104","5,090","5,070","3,450",9.69,-22.82,"5,100",206,834,-637,4.05,-17.66,"5,030",210,"45,540",29,"-1,633",0.94,N/A,-33.75
361,아스트,580,하락,2,-0.34%,500,"49,640",29,585,"2,292",-64,20.00,"880,453",583,586,"5,620",82.42,-10.50,583,218,"2,659",-171,1.41,-3.32,577,"6,531","395,158","1,714",29,0.73,0,1.72
362,풍원정밀,"10,870",하락,280,-2.51%,500,"1,746",19,"11,010","2,287",-182,-7.57,"30,686","11,040","12,000",963,16.80,-70.74,"11,140","1,005",689,-301,0.43,-30.26,"10,830",299,"21,040",493,"-1,436",10.64,0,14.42
363,우양에이치씨,"15,720",상승,700,+4.66%,500,"44,809",720,"15,050","2,287",311,16.58,"45,015","15,870","15,500","2,609",23.02,17.19,"16,770","2,739",878,274,0.70,10.63,"15,610",320,"14,548","1,832",948,1.23,N/A,-8.40
364,로킷헬스케어,"14,800",하락,310,-2.05%,500,"146,440","2,186","15,120","2,282",-56,-24.96,"3,918,245","15,130","15,150",113,24.48,9.83,"15,150","4,566",884,-77,0.67,-77.65,"14,710",233,"15,418",131,-593,-2.40,0,5.59
365,SG,"2,315",상승,20,+0.87%,100,"62,039",144,"2,320","2,282",-61,-9.30,"765,962","2,325","2,330","2,328",54.95,-50.91,"2,325","1,327","1,461",-362,1.55,-17.22,"2,300","3,830","98,559","1,189",-249,2.12,0,46.98
366,에스오에스랩,"12,900",하락,370,-2.79%,100,"45,820",592,"12,900","2,281",-128,-15.97,"590,644","12,980","13,030",391,-54.09,-46.12,"13,100",163,71,-120,3.25,-36.84,"12,830","4,576","17,682",49,-808,8.17,N/A,20.29
367,모트렉스,"9,150",하락,190,-2.03%,500,"18,205",167,"9,290","2,275",436,13.34,"566,997","9,320","9,370","9,318",-18.01,8.22,"9,360",205,"6,600",193,3.96,2.64,"9,110",259,"24,862","5,869",686,0.94,162,10.52
368,쓰리빌리언,"7,160",상승,50,+0.70%,100,"105,231",765,"7,260","2,271",-74,-31.13,"638,455","7,350","7,300",302,11.17,-32.81,"7,350","3,080",19,-66,6.53,-24.76,"7,150","2,485","31,722",58,-230,8.51,N/A,111.41
369,피에이치에이,"10,810",하락,150,-1.37%,500,"2,477",27,"10,960","2,270",515,3.95,"28,867","10,970","10,990","10,696",6.60,8.14,"11,050",77,"2,694",619,12.42,6.03,"10,810",195,"21,000","11,529","2,739",0.26,350,1.61
370,엑세스바이오,"6,010",상승,170,+2.91%,0,"50,759",302,"5,840","2,267",-42,-23.20,"335,239","5,850","5,860","7,409",-119.59,-0.06,"6,020",459,884,-11,4.39,-0.15,"5,850",15,"37,728","1,125",-259,0.35,N/A,-67.74
371,티로보틱스,"12,040",하락,210,-1.71%,500,"58,216",707,"12,250","2,261",-70,-68.41,"496,260","12,440","12,300","1,070",14.71,-1.78,"12,450","1,043",755,-8,1.62,-0.66,"12,030",489,"18,782",607,-176,6.46,0,-9.01
372,아이씨티케이,"16,820",하락,450,-2.61%,500,"72,146","1,221","17,300","2,257",-67,-33.71,"1,032,310","17,300","17,350",458,N/A,N/A,"17,310",38,28,-58,0.61,N/A,"16,740",520,"13,421",67,-499,5.45,0,N/A
373,디앤씨미디어,"18,020",하락,120,-0.66%,500,"3,828",69,"18,000","2,257",103,20.76,"68,522","18,100","18,120","1,153",194.82,13.25,"18,120",169,272,108,1.54,10.09,"17,960",23,"12,524",835,868,2.49,N/A,38.33
374,비츠로테크,"8,610",상승,310,+3.73%,500,"97,941",848,"8,510","2,256",511,27.60,"406,127","8,650","8,530","5,905",77.36,3.72,"8,760",509,"1,679",415,5.21,7.56,"8,540","1,165","26,200","4,283",312,0.98,50,21.38
375,세경하이테크,"6,290",상승,30,+0.48%,500,"7,947",50,"6,260","2,256",315,7.75,"444,348","6,290","6,300","3,450",-12.96,18.47,"6,300","2,247",962,413,8.49,12.72,"6,250",18,"35,860","3,203",812,1.23,100,5.21
376,윤성에프앤씨,"28,250",하락,700,-2.42%,100,"2,966",84,"29,150","2,254",319,9.12,"124,806","29,000","29,950","3,009",20.55,20.70,"29,000",394,"1,036",371,2.20,11.47,"28,150",54,"7,979","2,713","3,097",1.15,200,-13.28
377,하이비젼시스템,"15,030",하락,80,-0.53%,500,"3,447",52,"15,050","2,246",310,6.95,"75,933","15,150","15,070","3,657",-47.30,15.91,"15,240",30,761,404,13.65,11.14,"15,030",130,"14,942","3,120","2,163",0.71,400,-10.41
378,씨에스베어링,"8,170",하락,210,-2.51%,500,"60,889",504,"8,370","2,228",21,38.54,"872,132","8,330","8,380","1,480","3,596.39",2.80,"8,360",590,542,25,0.87,1.68,"8,170",187,"27,270","1,054",212,2.36,N/A,37.60
379,아나패스,"18,360",하락,80,-0.43%,500,"1,772",33,"18,440","2,226",200,11.55,"39,601","18,440","18,600","1,176",348.44,29.88,"18,550",242,449,189,4.45,16.47,"18,360",141,"12,123","1,822","1,590",2.91,N/A,154.96
380,나이스정보통신,"22,250",보합,0,0.00%,500,"2,275",51,"22,050","2,225",399,6.25,"19,063","22,300","22,550","11,226",8.55,11.22,"22,900",90,"7,367",377,23.58,3.23,"22,250",65,"10,000","9,751","3,562",0.55,810,9.37
381,나인테크,"4,165",상승,25,+0.60%,100,"823,589","3,437","4,160","2,224",46,-21.81,"14,096,381","4,190","4,165","1,860",249.45,-7.26,"4,245","14,428","1,019",-54,5.66,-2.41,"4,100","2,646","53,398","1,972",-191,2.61,0,60.28
382,와이즈넛,"16,960",하락,160,-0.93%,500,"46,023",795,"17,130","2,221",17,169.60,"705,324","17,300","17,150",580,-50.74,6.10,"17,600","1,531",66,31,1.29,5.38,"16,950",70,"13,097",349,100,3.57,71,-0.72
383,파이버프로,"6,750",하락,10,-0.15%,100,"9,538",65,"6,700","2,218",72,30.41,"176,294","6,770","6,780",499,175.42,20.26,"6,830",845,113,72,2.01,15.80,"6,750",24,"32,854",329,222,5.84,66,69.93
384,케이티알파,"4,520",하락,10,-0.22%,"1,000",736,3,"4,525","2,216",246,9.96,"102,629","4,570","4,535","4,621",156.07,7.78,"4,570","3,022","2,009",197,1.25,4.40,"4,520","3,019","49,019","3,882",454,0.82,N/A,-1.17
385,오가노이드사이언스,"33,750",하락,300,-0.88%,500,"20,109",688,"34,050","2,208",-122,-15.82,"414,511","34,300","34,250",259,-24.91,36.26,"34,700",49,106,-115,1.50,-39.34,"33,750",221,"6,541",20,"-2,134",11.62,0,22.77
386,인터로조,"16,620",상승,170,+1.03%,500,782,13,"16,450","2,197",58,-101.96,"81,977","16,490","16,490","2,344",12.02,0.11,"16,640",573,645,2,9.00,0.07,"16,490",13,"13,216","1,158",-163,1.24,300,-2.90
387,와이지-원,"6,510",하락,20,-0.31%,500,"50,650",330,"6,530","2,186",558,18.03,"1,152,450","6,550","6,550","10,762",2.07,4.47,"6,550","4,433","6,726",170,19.30,1.67,"6,490","2,570","33,574","5,750",361,0.60,160,3.94
388,유비케어,"4,170",보합,0,0.00%,500,"20,050",84,"4,195","2,177",52,189.55,"161,615","4,195","4,225","1,601",47.12,-1.55,"4,210",276,523,-16,1.97,-0.99,"4,155",52,"52,197","1,906",22,2.11,30,23.73
389,한국알콜,"10,060",하락,20,-0.20%,500,"6,639",67,"9,010","2,174",274,8.13,"65,898","10,100","10,140","6,549",25.38,4.96,"10,140",113,930,304,2.71,4.64,"10,060",222,"21,606","4,210","1,237",0.40,110,-3.94
390,푸른소나무,"8,790",보합,0,0.00%,500,0,0,0,"2,161",-15,-32.20,0,0,0,116,85.36,-417.81,0,0,89,-77,0.00,-72.26,0,0,"24,580",37,-273,64.24,N/A,80.83
391,아미코젠,"3,915",하락,85,-2.12%,500,"32,704",128,"4,000","2,154",-71,-4.07,"267,494","3,990","4,020","2,942",-442.93,-35.39,"3,990","2,525","1,711",-509,6.83,-13.37,"3,805",823,"55,018","1,736",-963,1.84,N/A,8.57
392,텔레칩스,"14,170",하락,230,-1.60%,500,"2,809",40,"14,230","2,146",49,-5.98,"18,421,118","8,400",0,"1,389",26.50,12.78,"8,760","63,955",490,110,3.52,7.78,"8,320",0,"24,799",654,570,2.07,50,18.89
393,멀티캠퍼스,"36,200",상승,200,+0.56%,500,"1,184",43,"36,000","2,145",389,7.28,"43,452","14,450","14,440","3,779",-70.95,-17.22,"14,500",43,"1,761",-386,1.71,-10.25,"14,170",9,"15,144","1,866","-2,369",1.06,60,-2.34
394,뷰웍스,"21,950",하락,350,-1.57%,500,"1,481",33,"22,300","2,140",223,14.08,"17,028","36,000","36,350","3,207",-3.37,15.16,"36,300",26,997,315,7.69,9.97,"35,850",64,"5,927","3,527","4,970",1.03,"2,100",-1.63
395,포바이포,"19,160",상승,170,+0.90%,500,"79,300","1,527","19,680","2,140",-139,-21.17,"15,607","22,400","22,400","3,229",19.19,9.41,"22,400",13,861,211,32.93,6.85,"21,950",188,"9,750","2,229","1,559",0.86,0,-14.83
396,동국산업,"3,930",하락,10,-0.25%,"1,000","5,247",21,"3,885","2,132",120,-38.16,"645,398","19,360","19,680",590,14.56,-32.55,"19,400",258,285,-123,0.17,-19.52,"19,020",703,"11,170",333,-905,7.86,600,1.20
397,제일일렉트릭,"9,580",하락,40,-0.42%,500,"19,938",192,"9,710","2,129",89,20.51,"102,545","3,925","3,940","9,428",144.20,-1.63,"3,975",339,"4,545",-296,5.36,-3.23,"9,400",8,"22,220","1,863",467,1.39,0,-1.41
398,이니텍,"10,750",하락,450,-4.02%,500,"57,710",629,"11,200","2,128",2,87.40,"209,382","9,720","9,720","2,193",N/A,N/A,"9,720",323,648,104,1.27,N/A,"10,700",249,"19,791",389,123,1.61,100,N/A
399,애니플러스,"4,335",보합,0,0.00%,100,"81,541",355,"4,370","2,124",251,10.95,"987,340","11,200","11,210","1,184",106.51,2.10,"11,200",667,73,23,3.22,1.97,"4,305",11,"48,986","1,310",396,1.65,0,17.63
400,오로스테크놀로지,"22,650",상승,250,+1.12%,500,"3,816",87,"22,450","2,122",61,19.49,"7,209,117","4,400","4,435","2,556",9.96,15.20,"4,405","5,198","1,317",180,9.87,7.92,"3,895",123,"54,244","7,903",-103,0.52,130,4.40
401,LB세미콘,"3,645",하락,40,-1.09%,500,"8,384",31,"3,685","2,117",-188,-7.04,"107,032","3,690","3,690","8,060",-48.16,-9.19,"3,695","3,154","4,598",-230,29.06,-2.88,"3,640",419,"58,083","4,509",-518,0.64,N/A,8.16
402,오로스테크놀로지,"22,600",상승,200,+0.89%,500,"3,845",88,"22,450","2,117",61,19.45,"55,218","22,800","22,600",944,156.71,9.05,"23,100",845,262,59,1.10,7.01,"22,600",4,"9,367",614,"1,162",3.05,N/A,34.88
403,어보브반도체,"11,890",하락,140,-1.16%,500,"24,351",293,"11,850","2,114",-51,30.57,"187,551","12,140","12,050","2,930",65.17,2.44,"12,180",320,"1,385",-181,4.28,-6.23,"11,890",20,"17,781","2,321",389,1.69,150,-0.14
404,압타바이오,"7,840",상승,30,+0.38%,500,"1,811",14,"7,810","2,107",-189,-7.03,"36,873","7,890","8,000",774,-15.15,-50.84,"7,890",740,232,-294,1.61,-34.57,"7,780",233,"26,881",34,"-1,115",4.07,N/A,937.76
405,미래반도체,"14,570",하락,70,-0.48%,100,"2,932",43,"14,670","2,104",102,25.93,"40,692","14,730","14,700","1,333",8.79,7.29,"14,730",510,474,60,0.84,4.28,"14,570",7,"14,438","4,876",562,2.33,N/A,28.15
406,폴라리스AI,"2,885",상승,5,+0.17%,500,"110,300",321,"2,935","2,097",-13,55.48,"955,395","2,930","2,940","1,160",-189.87,1.32,"2,930","16,019",203,11,0.93,1.05,"2,885","12,499","72,696",531,52,2.15,0,-10.71
407,대양전기공업,"21,900",하락,100,-0.45%,500,"6,415",142,"22,200","2,095",157,9.68,"113,271","22,450","22,450","3,086",320.05,8.32,"22,450",35,633,196,6.06,6.46,"21,900",51,"9,567","1,963","2,263",0.81,100,27.17
408,로체시스템즈,"13,650",하락,280,-2.01%,500,"6,491",89,"13,750","2,088",198,14.85,"34,899","13,960","13,990","1,575",65.83,10.36,"13,990",5,352,121,42.99,8.23,"13,650",176,"15,297","1,601",919,1.63,50,52.07
409,랩지노믹스,"2,810",상승,135,+5.05%,500,"1,522,667","4,218","2,690","2,086",-185,-10.33,"1,546,957","2,700","2,695","2,957",-167.09,-10.72,"2,830","9,742",793,-239,2.13,-7.85,"2,685","35,656","74,240",859,-272,0.99,N/A,20.85
410,안트로젠,"20,800",하락,200,-0.95%,500,"2,095",44,"21,000","2,081",-37,-83.87,"40,794","21,050","21,850","1,161",26.09,-1.91,"21,250",495,59,-23,4.49,-1.73,"20,800",241,"10,006",69,-248,2.21,N/A,6.66
411,케이프,"6,720",상승,140,+2.13%,500,"17,162",115,"6,430","2,077",390,22.94,"128,365","6,590","6,580","24,047",-4.79,7.47,"6,750","2,164","21,452",183,2.77,0.79,"6,580",118,"30,902","5,165",293,0.90,300,-12.56
412,디지털대성,"7,490",하락,20,-0.27%,500,"1,751",13,"7,460","2,073",237,12.85,"20,215","7,510","7,510","3,380",-5.28,10.45,"7,530",108,"1,769",161,3.08,5.49,"7,460",172,"27,675","2,177",583,1.62,500,2.92
413,레드캡투어,"12,380",하락,10,-0.08%,500,"4,352",54,"12,490","2,070",436,8.59,"82,587","12,370","12,570","6,972",12.37,9.64,"12,500",127,"4,816",202,9.40,2.81,"12,260",638,"16,721","3,589","1,442",1.08,"2,150",6.12
414,휴마시스,"1,599",상승,46,+2.96%,100,"821,218","1,308","1,559","2,069",-106,-6.13,"2,920,337","1,564","1,565","3,319",79.83,-11.79,"1,615","16,449",828,-356,5.53,-10.47,"1,553",226,"129,375",254,-261,0.79,N/A,83.79
415,서호전기,"40,050",하락,750,-1.84%,500,"9,495",384,"35,000","2,063",16,13.47,"57,918","40,400","41,450","1,020",-87.32,12.69,"40,800",374,126,115,4.74,11.15,"40,000",32,"5,150",465,"2,974",2.07,"2,500",-29.78
416,퀄리타스반도체,"14,710",하락,310,-2.06%,500,"12,841",191,"15,100","2,061",-227,-10.51,"111,146","15,240","15,290",640,-102.87,-48.62,"15,240",142,134,-191,0.10,-36.39,"14,710",68,"14,011",61,"-1,399",4.48,N/A,-43.62
417,에브리봇,"16,800",하락,90,-0.53%,500,"8,243",139,"16,930","2,060",-22,"2,100.00","83,953","16,990","16,990","1,177",N/A,N/A,"17,040",32,508,3,0.00,N/A,"16,790",202,"12,262",298,8,3.16,N/A,N/A
418,지투파워,"10,970",하락,220,-1.97%,500,"139,857","1,543","11,130","2,052",37,61.28,"10,399,276","11,070","11,150",641,488.22,12.22,"11,130",610,274,42,0.77,7.03,"10,960",305,"18,709",554,179,5.60,N/A,12.16
419,흥구석유,"13,680",상승,"1,400",+11.40%,100,"1,252,579","16,512","12,440","2,052",-3,310.91,"2,696,410","12,440","12,450",929,-425.10,0.79,"13,680",39,140,6,0.00,0.67,"12,430",585,"15,000","1,169",44,2.53,30,-7.77
420,삼양엔씨켐,"18,850",하락,260,-1.36%,500,"17,752",337,"18,980","2,048",107,20.38,"165,242","19,150","19,020","1,283",45.87,11.32,"19,160",530,446,90,4.36,6.91,"18,840",236,"10,866","1,105",925,1.91,N/A,12.08
421,헥토파이낸셜,"21,650",보합,0,0.00%,500,"77,195","1,710","21,750","2,047",133,21.61,"415,116","22,400","22,200","4,516",5.75,6.90,"22,600","5,663","3,002",90,1.87,2.17,"21,600",75,"9,453","1,593","1,002",1.25,350,4.07
422,쇼박스,"3,250",하락,15,-0.46%,500,"9,781",32,"3,285","2,036",245,34.57,"190,967","3,300","3,315","1,540",186.67,23.14,"3,300",408,219,274,3.00,19.17,"3,250",23,"62,638",931,94,1.67,150,131.81
423,우진엔텍,"21,950",하락,150,-0.68%,500,"45,038",997,"21,550","2,035",53,43.55,"1,532,553","22,250","22,100",517,-9.74,13.35,"22,300",821,43,54,0.85,11.86,"21,900",588,"9,271",440,504,4.42,200,8.05
424,티씨머티리얼즈,"5,920",하락,210,-3.43%,500,"223,734","1,346","6,120","2,026",109,31.83,"2,020,866","6,150","6,130",762,25.76,12.51,"6,190",773,193,63,0.76,8.58,"5,890","1,546","34,228","3,039",186,3.45,0,20.57
425,넥써쓰,"3,450",하락,40,-1.15%,500,"150,226",534,"3,470","2,026",-89,-47.92,"765,217","3,490","3,490",338,44.70,-29.78,"3,650",624,80,-82,2.86,-22.40,"3,445","1,511","58,718",76,-72,6.30,0,38.29
426,탑머티리얼,"24,800",하락,400,-1.59%,500,"3,160",79,"25,450","2,020",-72,-18.33,"16,343","25,300","25,500","2,074",-152.29,-5.50,"25,300",3,663,-82,0.00,-3.97,"24,800",15,"8,144","1,061","-1,353",1.42,0,-13.19
427,DSC인베스트먼트,"7,450",하락,130,-1.72%,500,"130,096",975,"7,550","2,012",150,27.80,"1,592,845","7,550","7,580","1,578",-14.77,9.98,"7,590","1,391",435,106,1.41,7.09,"7,420",648,"27,000",386,268,1.75,40,15.08
428,KG모빌리언스,"5,280",상승,10,+0.19%,500,"87,129",464,"5,250","2,007",74,29.66,"452,222","5,350","5,270","5,385",-77.48,2.84,"5,400",29,"1,915",82,4.35,1.54,"5,250",251,"38,011","2,661",178,0.56,220,-4.82
429,대원산업,"10,000",상승,20,+0.20%,500,"6,827",68,"10,010","2,004",750,2.26,"29,630","10,100","10,340","7,117",58.72,15.16,"10,100",42,"1,993",726,13.05,11.38,"9,980",100,"20,038","9,315","4,430",0.38,200,-3.10
430,그래디언트,"14,620",하락,130,-0.88%,"2,500","1,021",15,"14,620","2,000",-55,-4.38,"21,493","14,710","14,750","17,380",-289.46,-7.70,"14,740",513,"9,559",-260,4.13,-1.43,"14,620","1,252","13,677","33,179","-3,341",0.38,650,23.18
431,나무가,"13,610",하락,50,-0.37%,500,704,10,"13,500","1,999",209,8.49,"25,657","13,650","13,700","2,644",-7.82,16.64,"13,700",267,975,261,2.95,11.11,"13,600",173,"14,685","4,504","1,604",1.20,200,19.78
432,파인엠텍,"5,370",하락,30,-0.56%,500,"11,010",59,"5,560","1,986",-79,-8.98,"229,517","5,440","6,940","3,333",-138.90,-11.87,"5,440",107,"1,691",-158,2.54,-5.06,"5,330","12,904","36,988","3,822",-598,1.37,N/A,0.56
433,티엘비,"20,200",하락,550,-2.65%,500,"38,190",781,"20,750","1,986",34,46.22,"539,191","20,750","20,800","1,884",10.28,3.25,"20,750","1,866",763,36,4.08,1.99,"20,150",343,"9,833","1,800",437,1.77,200,5.08
434,AP위성,"13,150",하락,150,-1.13%,500,"6,896",91,"13,300","1,983",73,32.15,"73,018","13,310","13,310","1,352",-27.51,10.41,"13,310",263,299,104,0.41,7.46,"13,150",166,"15,082",586,409,1.77,N/A,18.61
435,강원에너지,"7,590",상승,340,+4.69%,500,"57,411",437,"7,420","1,983",68,79.06,"114,818","7,680","7,480","1,639",-2.25,2.60,"7,720",150,920,-6,1.97,-0.35,"7,420",198,"26,123","2,244",96,4.84,N/A,61.21
436,인터플렉스,"8,480",하락,20,-0.24%,500,"1,553",13,"8,510","1,978",344,3.96,"85,915","8,530","8,540","3,649",58.79,21.95,"8,530",217,831,551,3.22,16.55,"8,480",144,"23,327","4,975","2,140",0.68,N/A,13.54
437,이크레더블,"16,390",상승,100,+0.61%,500,"2,883",47,"16,290","1,974",150,15.13,"22,316","16,330","16,330",594,18.68,27.34,"16,450",205,104,129,9.33,22.74,"16,270",120,"12,044",451,"1,083",6.49,"1,590",9.70
438,이화전기,899,보합,0,0.00%,200,0,0,0,"1,968",17,-40.86,0,0,0,"2,799",-51.38,-5.83,0,0,523,-137,0.88,-4.69,0,0,"218,949",645,-22,0.86,0,-1.07
439,아가방컴퍼니,"5,960",하락,110,-1.81%,500,"65,459",396,"6,070","1,960",152,18.12,"1,292,869","6,120","6,080","2,238",-8.27,6.64,"6,120","5,615",562,102,2.56,4.57,"5,960",519,"32,888","1,827",329,0.98,N/A,-1.97
440,아바코,"13,130",하락,80,-0.61%,500,"11,028",145,"13,200","1,958",211,9.68,"70,862","13,210","13,210","3,907",378.73,13.70,"13,290",478,"1,895",264,7.07,7.18,"13,130",161,"14,913","3,055","1,356",0.97,500,63.51
441,앱트뉴로사이언스,"1,231",하락,11,-0.89%,100,"27,894",34,"1,250","1,955",-128,-22.38,"1,983,329","1,250","1,288","2,064",-94.80,-27.51,"1,250","9,935","1,255",-192,3.78,-12.57,"1,222","4,442","158,791",184,-55,2.16,0,-9.98
442,노바텍,"18,420",상승,210,+1.15%,500,"13,439",247,"18,220","1,948",126,13.06,"83,575","18,310","18,300","1,834",-50.75,10.80,"18,530","1,061",125,172,1.14,9.78,"18,270",501,"10,576",658,"1,410",1.18,"1,409",-28.79
443,국전약품,"3,895",상승,30,+0.78%,100,"35,539",138,"3,900","1,946",4,134.31,"209,148","3,910","3,905","2,123",-94.33,1.79,"3,910","3,373","1,148",5,0.52,0.25,"3,870",241,"49,966","1,365",29,1.93,10,11.86
444,드림시큐리티,"3,840",보합,0,0.00%,100,"46,307",178,"3,840","1,943",256,16.34,"691,053","3,845","3,845","5,366",-22.94,11.91,"3,855",691,"3,889",121,3.57,2.56,"3,825","5,029","50,606","2,688",235,1.61,N/A,15.51
445,KZ정밀,"12,320",상승,20,+0.16%,500,533,7,"12,350","1,940",152,14.79,"10,962","12,340","12,400","6,044",-26.95,4.69,"12,340",6,"1,221",192,5.92,3.84,"12,260",38,"15,750","1,127",833,0.49,800,-18.74
446,파워로직스,"5,280",상승,565,+11.98%,500,"369,676","1,948","5,050","1,933",24,44.00,"584,628","5,230","5,100","4,161",-84.46,5.32,"5,380",357,"1,981",100,1.60,2.49,"5,150","2,003","36,611","7,334",120,0.91,N/A,-5.14
447,이수앱지스,"5,230",상승,80,+1.55%,500,"27,064",141,"5,210","1,932",134,8.39,"82,739","5,230","5,220","1,602",244.86,16.53,"5,250",373,594,147,3.24,8.02,"5,190","1,090","36,937",603,623,1.98,0,10.96
448,유니셈,"6,290",하락,30,-0.47%,500,"10,347",66,"6,320","1,929",100,14.13,"118,802","6,360","6,330","2,631",-42.64,7.02,"6,400",306,348,155,7.46,6.12,"6,290",180,"30,664","2,182",445,0.80,80,-6.01
449,덱스터,"7,580",상승,10,+0.13%,500,"7,242",55,"7,570","1,926",-89,-15.92,"81,594","7,580","7,610","1,036","-21,406.94",-22.64,"7,610","1,230",547,-107,2.80,-11.33,"7,560",167,"25,412",537,-476,4.81,N/A,-20.72
450,BGF에코머티리얼즈,"3,045",하락,55,-1.77%,500,"2,027",6,"3,080","1,911",140,13.65,"52,829","3,095","3,095","7,152",-18.51,4.00,"3,095",107,"2,213",155,1.06,2.41,"3,045",318,"62,767","3,643",223,0.47,50,27.54
451,덕산하이메탈,"4,215",하락,40,-0.94%,200,"8,468",36,"4,255","1,915",186,15.38,"89,898","4,260","4,260","8,185",269.97,6.76,"4,280","4,786","3,636",313,2.22,3.99,"4,215",106,"45,437","2,359",274,0.61,N/A,63.30
452,금화피에스시,"31,700",하락,100,-0.31%,500,"4,951",159,"32,050","1,902",362,5.26,"71,388","32,300","33,100","4,618",-16.71,11.59,"32,300",213,"1,009",400,20.11,8.98,"31,700",142,"6,000","3,402","6,021",0.52,"1,400",0.78
453,KT나스미디어,"16,420",하락,100,-0.61%,500,"1,228",20,"16,520","1,899",199,-29.01,"40,278","16,550","16,530","4,927",-2.81,-3.13,"16,660",23,"2,533",-46,5.84,-0.92,"16,420",84,"11,568","1,426",-566,0.95,700,-2.87
454,헥토이노베이션,"14,460",상승,10,+0.07%,500,"14,915",216,"14,380","1,898",489,6.67,"233,283","14,560","14,450","6,922",28.48,14.63,"14,620",31,"3,624",348,10.23,5.46,"14,390",80,"13,125","3,195","2,169",0.94,490,10.74
455,비나텍,"29,700",상승,200,+0.68%,500,"1,527",46,"29,450","1,893",-81,-14.90,"15,154","29,900","30,200","1,761",-365.73,-12.25,"30,000",16,922,-97,1.47,-6.32,"29,500",342,"6,372",596,"-1,993",2.19,24,8.42
456,대한약품,"31,500",보합,0,0.00%,500,"1,476",47,"31,150","1,890",381,5.70,"66,726","31,500","31,250","3,244",6.38,12.89,"31,850",113,484,338,16.94,10.91,"31,400",39,"6,000","2,042","5,523",0.67,900,4.23
457,디에스케이,"7,340",하락,50,-0.68%,500,"33,965",253,"7,390","1,887",-197,-18.82,"399,087","7,390","7,400","1,664",-102.94,-6.21,"7,570","1,093",329,-114,1.80,-6.77,"7,310",115,"25,710",226,-390,1.59,N/A,-68.34
458,아티스트컴퍼니,"12,100",하락,80,-0.66%,500,"2,820",34,"12,190","1,887",-31,-21.34,"120,517","12,230","12,340",526,3.95,-30.27,"12,230",293,293,-78,2.00,-13.73,"12,070",686,"15,591",213,-567,3.48,N/A,-0.03
459,KX,"4,160",상승,25,+0.60%,500,"2,475",10,"4,135","1,886",597,2.31,"159,475","4,145","4,195","8,868",-3.73,27.09,"4,195",503,"4,438",975,1.60,10.14,"4,135","1,171","45,336","4,038","1,804",0.52,190,0.18
460,이엠텍,"10,950",하락,150,-1.35%,500,"14,966",165,"11,210","1,876",-305,-3.91,"133,283","11,110","11,370","3,462",-109.01,-19.74,"11,300",159,"1,398",-447,6.18,-11.84,"10,940",685,"17,133","1,676","-2,801",0.90,N/A,-36.39
461,현대사료,994,보합,0,0.00%,100,0,0,0,"1,873",27,4.38,0,0,0,"1,170",-56.45,340.50,0,0,281,284,2.38,25.24,0,0,"188,472","1,285",227,2.24,N/A,-20.01
462,동양이엔피,"23,800",하락,100,-0.42%,500,"4,793",114,"23,900","1,871",516,2.81,"47,281","23,900","24,150","4,885",20.16,19.25,"24,100",566,874,695,7.27,15.23,"23,700",132,"7,860","5,484","8,455",0.45,600,2.14
463,사람인,"15,870",상승,260,+1.67%,500,"10,522",167,"15,500","1,858",213,18.74,"41,766","15,610","15,750","2,097",-15.84,7.12,"15,950",547,297,123,22.44,5.94,"15,610",16,"11,709","1,284",847,0.97,500,-2.41
464,모다이노칩,"2,330",보합,0,0.00%,500,10,0,"2,300","1,858",386,24.02,"2,905","2,330","2,330","9,681",137.95,3.47,"2,330",618,"5,865",127,0.16,1.30,"2,330",636,"79,722","3,889",97,0.51,N/A,-0.28
465,경동제약,"6,030",하락,30,-0.50%,500,160,1,"6,000","1,855",26,31.90,"22,558","6,030","6,070","3,029",110.51,2.44,"6,080","1,459",825,54,1.77,1.83,"6,030",134,"30,769","1,939",189,0.76,300,19.22
466,하나기술,"23,200",상승,50,+0.22%,500,"3,148",73,"23,700","1,855",-264,-12.47,"25,788","23,650","24,100","2,400",-318.01,-14.73,"23,650",177,"1,421",-155,1.19,-6.58,"22,600",70,"7,995",942,"-1,861",1.93,0,-21.45
467,사피엔반도체,"22,350",하락,100,-0.45%,100,"12,473",283,"22,400","1,836",-34,-74.50,"126,248","22,650","22,650",312,50.22,-125.23,"23,050","1,031",148,-171,3.96,-64.70,"22,350",3,"8,213",80,-300,11.92,0,148.96
468,더네이쳐홀딩스,"12,340",하락,170,-1.36%,500,"3,319",41,"12,500","1,832",301,9.41,"53,008","12,510","12,510","6,983",-55.05,4.91,"12,510",7,"2,987",190,8.53,2.84,"12,300",344,"14,848","5,169","1,311",0.50,500,-5.75
469,블루엠텍,"5,460",상승,50,+0.92%,100,"71,273",391,"5,490","1,830",-69,-39.57,"535,900","5,550","5,500","1,157",N/A,N/A,"5,550",127,685,-48,1.77,N/A,"5,440",950,"33,511","1,333",-138,4.01,0,N/A
470,에이스테크,"2,420",하락,55,-2.22%,500,"29,520",72,"2,475","1,827",-311,-2.66,"176,738","2,485","2,480","3,049",49.99,-67.32,"2,495","3,467","2,093",-408,0.00,-14.44,"2,400",31,"75,506","1,451",-909,1.87,0,3.59
471,HB테크놀러지,"1,968",하락,7,-0.35%,500,"72,813",144,"1,972","1,825",-165,-2.43,"598,340","1,973","1,973","3,488",25.16,-18.17,"1,990","1,037",921,-516,0.27,-13.70,"1,968","20,299","92,716","1,624",-811,0.69,20,45.43
472,디와이피엔에프,"17,030",하락,130,-0.76%,500,"1,834",31,"17,050","1,825",246,7.28,"36,559","17,060","17,160","3,208",195.44,15.14,"17,110",19,"1,926",182,4.34,5.94,"17,030",16,"10,714","2,810","2,339",1.19,N/A,95.08
473,HB솔루션,"2,490",하락,15,-0.60%,500,"13,905",35,"2,525","1,821",193,-4.58,"135,464","2,540","2,530","2,933",185.95,-9.21,"2,545","2,042",724,-208,3.07,-7.02,"2,490","2,052","73,141","1,315",-544,0.82,30,36.77
474,젝시믹스,"6,090",하락,150,-2.40%,500,"14,449",89,"6,240","1,820",249,9.52,"98,780","6,190","6,250","1,727",36.85,20.72,"6,210",47,582,209,3.64,13.69,"6,080","1,115","29,882","2,716",640,1.66,180,16.78
475,아티스트스튜디오,"18,180",상승,180,+1.00%,500,"13,206",239,"18,030","1,817",-73,-12.19,"227,674","18,180","18,170",593,5.99,-31.73,"18,230",96,51,-150,0.48,-27.16,"18,010",764,"9,996",273,"-1,491",3.38,N/A,-34.77
476,에스피소프트,"7,340",보합,0,0.00%,100,"9,962",74,"7,310","1,816",38,46.75,"61,236","7,430","7,340",768,N/A,N/A,"7,480","2,459",142,3,1.93,N/A,"7,340",14,"24,741",451,157,2.79,0,N/A
477,와이솔,"6,500",보합,0,0.00%,500,"3,658",24,"6,490","1,799",5,-58.04,"135,596","6,500","6,500","4,143",-96.58,3.12,"6,530",387,524,110,5.93,2.71,"6,500",764,"27,672","3,750",-112,0.53,500,1.42
478,성우,"11,900",하락,60,-0.50%,500,"3,138",37,"11,980","1,790",146,8.54,"37,647","11,980","12,070","2,549",-49.40,10.71,"12,070",308,321,182,1.51,8.71,"11,820",68,"15,046","1,309","1,393",0.82,150,-10.74
479,알서포트,"3,350",하락,15,-0.45%,100,"11,495",39,"3,365","1,784",37,85.90,"199,793","3,365","3,370","1,205",-53.60,3.23,"3,385","1,500",246,31,19.96,2.75,"3,350",130,"53,267",475,39,1.82,10,-5.72
480,슈피겐코리아,"28,650",하락,300,-1.04%,500,"1,114",32,"28,950","1,781",217,6.31,"53,133","29,250","29,100","5,690",-38.42,5.89,"29,250",227,509,279,8.50,5.14,"28,650",73,"6,216","4,653","4,540",0.33,462,4.00
481,에스와이,"3,635",하락,5,-0.14%,500,"14,734",54,"3,555","1,778",219,-100.97,"193,013","3,645","3,640","4,334",61.79,2.02,"3,655","3,077","2,375",63,1.15,1.47,"3,630",162,"48,907","5,610",-36,0.94,N/A,1.33
482,케이에스피,"4,410",상승,25,+0.57%,500,"12,366",55,"4,385","1,772",138,13.16,"219,269","4,400","4,390","1,055",16.66,25.99,"4,440",273,341,153,2.64,16.91,"4,370",139,"40,191",853,335,2.44,15,4.46
483,녹십자웰빙,"9,970",하락,20,-0.20%,500,"11,789",118,"10,090","1,770",130,16.19,"219,522","10,090","10,170","1,615",N/A,N/A,"10,090","2,683",566,71,4.19,N/A,"9,970",321,"17,752","1,338",616,1.64,120,N/A
484,서울옥션,"9,930",상승,440,+4.64%,500,"255,517","2,579","9,960","1,765",-34,-13.89,"378,131","10,130","10,000","2,125",4.44,-8.44,"10,250","3,611","1,049",-95,1.14,-4.63,"9,870",319,"17,774",206,-715,1.60,N/A,-54.19
485,일진파워,"11,650",하락,120,-1.02%,500,"29,211",342,"11,910","1,757",103,96.28,"869,576","11,790","12,030","2,705",-21.70,7.94,"11,850",102,"1,333",99,1.46,4.27,"11,640","1,152","15,079","1,931",121,1.34,330,1.19
486,삼지전자,"10,750",하락,40,-0.37%,500,"6,317",68,"10,750","1,754","1,156",2.68,"50,863","10,780","10,790","12,019",47.57,16.21,"10,890",913,"5,617",941,5.74,8.49,"10,740",810,"16,319","33,597","4,004",0.39,450,32.99
487,인피니트헬스케어,"7,190",하락,80,-1.10%,500,"9,289",67,"7,290","1,754",139,5.28,"134,256","7,330","7,340","2,324",109.54,28.16,"7,330",101,516,446,3.50,21.92,"7,170",193,"24,396","1,016","1,361",0.99,N/A,14.80
488,지니언스,"19,260",하락,170,-0.87%,500,"3,330",64,"19,340","1,749",98,15.70,"88,865","19,370","19,400",693,52.16,20.33,"19,430",3,125,109,27.22,16.41,"19,170",92,"9,080",496,"1,227",3.03,250,15.65
489,에스텍,"15,990",상승,90,+0.57%,500,"1,380",22,"15,900","1,744",440,3.64,"54,532","15,910","16,090","3,880",79.12,25.76,"16,050",21,"1,845",463,57.96,14.11,"15,880",16,"10,910","5,094","4,392",0.65,850,22.86
490,마이크로디지탈,"9,660",하락,90,-0.92%,500,"2,009",19,"9,640","1,740",3,-201.25,"99,004","9,750","9,650",542,-68.20,2.38,"9,750",149,251,4,1.85,1.07,"9,600",257,"18,015",115,-48,5.15,0,6.40
491,마음AI,"24,750",상승,50,+0.20%,500,"30,109",749,"24,750","1,739",-71,-14.13,"115,205","14,340","14,300","1,541",17.65,12.26,"14,440",22,713,104,2.36,7.46,"14,240","1,004","12,203",794,712,2.10,60,9.29
492,선진뷰티사이언스,"14,240",상승,230,+1.64%,500,"23,962",344,"14,290","1,738",106,20.00,"1,535,247","1,379","1,379","2,466",-180.34,-22.16,"1,381",40,484,-384,3.95,-17.28,"1,340","7,518","127,807",613,147,0.70,N/A,-14.23
493,포니링크,"1,354",하락,25,-1.81%,100,"170,033",232,"1,356","1,731",-262,9.21,"1,400,379","2,800","2,815","17,410",-44.92,0.63,"2,805","2,158","10,617",774,1.29,4.54,"2,740","2,207","62,628","17,775",-452,0.43,N/A,-14.62
494,엠에스오토텍,"2,760",하락,30,-1.08%,500,"76,416",211,"2,805","1,729",963,-6.11,"36,314","7,940","8,100","23,142",20.72,-7.45,"7,940",43,"14,001",-377,4.29,-1.63,"7,830",22,"22,066","11,706",-953,0.47,100,4.80
495,엠케이전자,"7,830",하락,110,-1.39%,500,"5,671",45,"7,940","1,728",561,-8.22,0,0,0,232,92.46,219.63,0,0,464,-355,4.73,-91.48,0,0,"85,519",88,-374,-7.32,N/A,-18.29
496,엔케이맥스,"2,020",보합,0,0.00%,500,0,0,0,"1,727",-51,-5.40,"12,259","16,020","16,090","3,297","-1,427.80",-4.75,"16,020",34,"1,522",-78,2.11,-2.65,"15,910",94,"10,841","1,358",-708,1.11,300,2.24
497,마크로젠,"15,910",보합,0,0.00%,500,172,3,"15,980","1,725",-65,-22.47,"438,107","24,950","24,800",497,-84.58,-51.91,"25,100","2,210",364,-87,1.46,-16.49,"24,500",96,"7,025",78,"-1,751",8.05,0,-23.96
498,이지바이오,"5,200",하락,60,-1.14%,100,"15,323",80,"5,260","1,720",324,8.68,"263,044","5,290","5,320","3,600",57.00,26.72,"5,290","6,510","2,712",199,4.99,7.48,"5,200","7,353","33,082","3,843",599,2.07,200,132.39
499,와이엠티,"10,540",상승,90,+0.86%,500,720,8,"10,370","1,720",36,-60.23,"30,997","10,470","10,450","3,506",213.39,-2.94,"10,650",185,"1,540",-23,1.83,-0.78,"10,470",74,"16,314","1,372",-175,0.99,N/A,7.71
500,에스와이스틸텍,"5,610",상승,30,+0.54%,500,"8,484",47,"5,700","1,717",81,36.91,"183,237","5,650","5,720",800,-44.49,12.65,"5,650",338,299,61,2.37,7.62,"5,570",29,"30,610","1,170",152,3.49,50,-2.32
