0,1,2,3,4,5,6,7,8,9,10,11,12,0,1,2,3,4,5,6,7,8,9,10,11,12,0,1,2,3,4,5,6,7,8,9,10,11,12,0,1,2,3,4,5,6,7,8,9,10,11,12,0,1,2,3,4,5,6,7,8,9
1,삼성전자,"57,800",상승,"1,000",+1.76%,100,"19,390,304","1,115,403","57,700","3,421,551","327,260",11.20,7,삼성전자우,"47,500",상승,"1,150",+2.48%,100,"817,556","47,300","47,500",N/A,N/A,N/A,7,삼성전자우,"47,500",상승,"1,150",+2.48%,100,"47,500","44,882",N/A,N/A,73.65,N/A,7,삼성전자우,"47,500",상승,"1,150",+2.48%,100,"46,700","113,552","815,975",N/A,"5,162",0.80,7,삼성전자우,"47,500",상승,"1,150",+2.48%,100,N/A,N/A,N/A
2,SK하이닉스,"217,500",상승,"10,000",+4.82%,"5,000","4,997,967","1,096,484","217,500","1,583,405","234,673",6.10,8,현대차,"186,000",상승,"2,000",+1.09%,"5,000","538,182","185,100","186,100","3,397,984",-5.87,12.43,8,현대차,"186,000",상승,"2,000",+1.09%,"5,000","186,500","22,904","2,195,225","132,299",35.53,4.25,8,현대차,"186,000",상승,"2,000",+1.09%,"5,000","184,100","23,412","204,758","1,752,312","45,880",0.44,8,현대차,"186,000",상승,"2,000",+1.09%,"5,000","12,000",7.73,"7,001.5"
3,삼성바이오로직스,"1,034,000",상승,"3,000",+0.29%,"2,500","78,581","81,007","1,033,000","735,939","13,201",57.52,9,HD현대중공업,"428,000",보합,0,0.00%,"5,000","313,351","423,000","428,500","193,909",294.77,11.39,9,HD현대중공업,"428,000",보합,0,0.00%,"5,000","429,500","12,208","136,865","6,215",10.58,3.40,9,HD현대중공업,"428,000",보합,0,0.00%,"5,000","410,000","15,376","88,773","144,865","9,880",6.54,,,,,,,,,,
4,LG에너지솔루션,"288,500",상승,"4,000",+1.41%,500,"214,348","61,973","288,000","675,090","5,754",-58.00,10,셀트리온,"160,500",하락,500,-0.31%,"1,000","410,768","161,400","160,500","210,552",-24.48,2.46,10,셀트리온,"160,500",하락,500,-0.31%,"1,000","162,500","17,864","34,752","4,189",21.50,2.04,10,셀트리온,"160,500",하락,500,-0.31%,"1,000","160,000","18,762","222,426","35,573","2,244",1.99,,,,,,,,,,
5,KB금융,"107,900",상승,"7,900",+7.90%,"5,000","2,292,671","241,743","107,900","424,617","80,453",8.49,11,기아,"89,600",상승,"1,200",+1.36%,"5,000","663,587","89,200","89,600","927,559",9.13,19.09,11,기아,"89,600",상승,"1,200",+1.36%,"5,000","90,400","58,748","369,156","97,750",38.47,11.28,11,기아,"89,600",상승,"1,200",+1.36%,"5,000","88,600","109,256","397,673","1,074,488","23,440",0.63,,,,,,,,,,
6,한화에어로스페이스,"845,000",상승,"10,000",+1.20%,"5,000","213,653","178,433","843,000","399,653","17,319",17.09,12,신한지주,"59,900",상승,"4,100",+7.35%,"5,000","1,899,090","55,300","59,900","7,397,643",5.87,8.11,12,신한지주,"59,900",상승,"4,100",+7.35%,"5,000","59,900","67,910","6,809,432","45,582",58.59,0.64,12,신한지주,"59,900",상승,"4,100",+7.35%,"5,000","55,300","70,168","495,842","419,028","8,740",0.53,,,,,,,,,,
7,삼성전자우,"47,500",상승,"1,150",+2.48%,100,"1,686,067","79,637","47,450","387,588",N/A,9.20,,,,,,,,,,,,,,,,,,,,,,,,,,,,,,,,,,,,,,,,,,,,,,,,,
8,현대차,"186,000",상승,"2,000",+1.09%,"5,000","577,325","107,020","186,000","380,849","142,396",4.05,,,,,,,,,,,,,,,,,,,,,,,,,,,,,,,,,,,,,,,,,,,,,,,,,
9,HD현대중공업,"428,000",보합,0,0.00%,"5,000","250,762","105,627","428,000","379,949","7,052",43.32,,,,,,,,,,,,,,,,,,,,,,,,,,,,,,,,,,,,,,,,,,,,,,,,,
10,셀트리온,"160,500",하락,500,-0.31%,"1,000","468,416","75,387","160,400","356,994","4,920",71.52,,,,,,,,,,,,,,,,,,,,,,,,,,,,,,,,,,,,,,,,,,,,,,,,,
11,기아,"89,600",상승,"1,200",+1.36%,"5,000","851,750","76,170","89,500","356,315","126,671",3.82,,,,,,,,,,,,,,,,,,,,,,,,,,,,,,,,,,,,,,,,,,,,,,,,,
12,신한지주,"59,900",상승,"4,100",+7.35%,"5,000","2,500,648","146,267","59,700","297,009","64,587",6.85,,,,,,,,,,,,,,,,,,,,,,,,,,,,,,,,,,,,,,,,,,,,,,,,,
13,NAVER,"185,500",하락,"1,000",-0.54%,100,"817,069","152,523","185,500","293,901","19,793",16.20,,,,,,,,,,,,,,,,,,,,,,,,,,,,,,,,,,,,,,,,,,,,,,,,,
14,두산에너빌리티,"42,650",상승,"1,700",+4.15%,"5,000","11,387,783","477,656","42,650","273,199","10,176",-268.24,,,,,,,,,,,,,,,,,,,,,,,,,,,,,,,,,,,,,,,,,,,,,,,,,
15,삼성물산,"157,800",상승,"6,500",+4.30%,100,"807,743","126,420","157,800","268,223","29,834",12.60,,,,,,,,,,,,,,,,,,,,,,,,,,,,,,,,,,,,,,,,,,,,,,,,,
16,한화오션,"76,800",하락,"1,000",-1.29%,"5,000","1,957,149","150,019","76,700","235,325","2,379",33.97,,,,,,,,,,,,,,,,,,,,,,,,,,,,,,,,,,,,,,,,,,,,,,,,,
17,현대모비스,"250,000",상승,"3,500",+1.42%,"5,000","204,704","51,123","249,500","232,488","30,735",5.51,,,,,,,,,,,,,,,,,,,,,,,,,,,,,,,,,,,,,,,,,,,,,,,,,
18,HD한국조선해양,"327,500",상승,"15,000",+4.80%,"5,000","369,838","118,790","327,000","231,782","14,341",15.67,,,,,,,,,,,,,,,,,,,,,,,,,,,,,,,,,,,,,,,,,,,,,,,,,
19,HMM,"22,550",상승,250,+1.12%,"5,000","2,651,013","60,127","22,500","231,146","35,128",4.45,,,,,,,,,,,,,,,,,,,,,,,,,,,,,,,,,,,,,,,,,,,,,,,,,
20,삼성생명,"108,800",상승,"8,900",+8.91%,500,"694,148","74,182","108,500","217,600","24,998",10.33,,,,,,,,,,,,,,,,,,,,,,,,,,,,,,,,,,,,,,,,,,,,,,,,,
21,하나금융지주,"74,500",상승,"4,500",+6.43%,"5,000","1,734,080","127,656","74,500","212,119","48,552",5.79,,,,,,,,,,,,,,,,,,,,,,,,,,,,,,,,,,,,,,,,,,,,,,,,,
22,메리츠금융지주,"113,900",상승,"2,600",+2.34%,500,"313,877","35,844","113,900","205,036","31,889",9.57,,,,,,,,,,,,,,,,,,,,,,,,,,,,,,,,,,,,,,,,,,,,,,,,,
23,POSCO홀딩스,"245,500",상승,"1,500",+0.61%,"5,000","331,807","81,480","245,000","198,690","21,736",23.87,,,,,,,,,,,,,,,,,,,,,,,,,,,,,,,,,,,,,,,,,,,,,,,,,
24,삼성화재,"425,500",상승,"37,500",+9.66%,500,"152,127","63,578","425,000","195,777","26,496",10.38,,,,,,,,,,,,,,,,,,,,,,,,,,,,,,,,,,,,,,,,,,,,,,,,,
25,한국전력,"29,650",하락,450,-1.50%,"5,000","4,036,843","118,488","29,600","190,342","83,647",3.62,,,,,,,,,,,,,,,,,,,,,,,,,,,,,,,,,,,,,,,,,,,,,,,,,
26,카카오,"41,600",하락,"1,550",-3.59%,100,"3,838,475","161,418","41,550","183,752","4,602",120.23,,,,,,,,,,,,,,,,,,,,,,,,,,,,,,,,,,,,,,,,,,,,,,,,,
27,크래프톤,"367,500",하락,500,-0.14%,100,"163,369","60,013","367,000","176,104","11,825",13.27,,,,,,,,,,,,,,,,,,,,,,,,,,,,,,,,,,,,,,,,,,,,,,,,,
28,현대로템,"156,100",상승,"4,100",+2.70%,"5,000","1,001,543","154,059","156,000","170,371","4,566",33.47,,,,,,,,,,,,,,,,,,,,,,,,,,,,,,,,,,,,,,,,,,,,,,,,,
29,SK스퀘어,"124,700",상승,"14,400",+13.06%,100,"780,909","96,925","124,700","165,278","39,126",3.36,,,,,,,,,,,,,,,,,,,,,,,,,,,,,,,,,,,,,,,,,,,,,,,,,
30,고려아연,"770,000",상승,"40,000",+5.48%,"5,000","28,116","21,348","767,000","159,415","7,235",64.71,,,,,,,,,,,,,,,,,,,,,,,,,,,,,,,,,,,,,,,,,,,,,,,,,
31,KT&G,"124,400",상승,"3,800",+3.15%,"5,000","376,601","46,934","124,400","151,846","11,888",14.01,,,,,,,,,,,,,,,,,,,,,,,,,,,,,,,,,,,,,,,,,,,,,,,,,
32,우리금융지주,"20,300",상승,"1,410",+7.46%,"5,000","4,745,709","95,020","20,250","150,746","42,552",4.90,,,,,,,,,,,,,,,,,,,,,,,,,,,,,,,,,,,,,,,,,,,,,,,,,
33,삼성중공업,"16,880",상승,90,+0.54%,"1,000","9,351,134","155,407","16,870","148,544","5,027",101.69,,,,,,,,,,,,,,,,,,,,,,,,,,,,,,,,,,,,,,,,,,,,,,,,,
34,LG화학,"198,700",상승,"3,400",+1.74%,"5,000","281,974","56,206","198,700","140,267","9,168",-16.63,,,,,,,,,,,,,,,,,,,,,,,,,,,,,,,,,,,,,,,,,,,,,,,,,
35,HD현대일렉트릭,"382,000",상승,"4,000",+1.06%,"5,000","235,743","90,442","381,500","137,700","6,690",24.52,,,,,,,,,,,,,,,,,,,,,,,,,,,,,,,,,,,,,,,,,,,,,,,,,
36,SK이노베이션,"90,900",상승,"3,200",+3.65%,"5,000","377,011","34,155","90,800","137,291","3,155",-4.49,,,,,,,,,,,,,,,,,,,,,,,,,,,,,,,,,,,,,,,,,,,,,,,,,
37,SK,"180,700",상승,"17,300",+10.59%,200,"885,037","155,971","180,600","131,012","23,553",14.71,,,,,,,,,,,,,,,,,,,,,,,,,,,,,,,,,,,,,,,,,,,,,,,,,
38,기업은행,"15,800",상승,370,+2.40%,"5,000","1,742,846","27,423","15,800","125,993","35,941",4.76,,,,,,,,,,,,,,,,,,,,,,,,,,,,,,,,,,,,,,,,,,,,,,,,,
39,KT,"49,850",상승,450,+0.91%,"5,000","310,425","15,570","49,850","125,633","8,095",19.85,,,,,,,,,,,,,,,,,,,,,,,,,,,,,,,,,,,,,,,,,,,,,,,,,
40,삼성SDI,"172,400",하락,400,-0.23%,"5,000","503,464","87,485","172,400","118,550","3,633",118.00,,,,,,,,,,,,,,,,,,,,,,,,,,,,,,,,,,,,,,,,,,,,,,,,,
41,하이브,"281,000",상승,"9,000",+3.31%,500,"231,183","64,951","280,500","117,042","1,840",223.73,,,,,,,,,,,,,,,,,,,,,,,,,,,,,,,,,,,,,,,,,,,,,,,,,
42,LG전자,"71,300",상승,500,+0.71%,"5,000","535,683","38,424","71,300","116,681","34,197",18.64,,,,,,,,,,,,,,,,,,,,,,,,,,,,,,,,,,,,,,,,,,,,,,,,,
43,LG,"74,000",상승,"3,200",+4.52%,"5,000","592,876","43,892","73,800","116,366","9,668",14.64,,,,,,,,,,,,,,,,,,,,,,,,,,,,,,,,,,,,,,,,,,,,,,,,,
44,카카오뱅크,"23,700",하락,350,-1.46%,"5,000","606,488","14,428","23,700","113,046","6,069",25.68,,,,,,,,,,,,,,,,,,,,,,,,,,,,,,,,,,,,,,,,,,,,,,,,,
45,SK텔레콤,"52,500",상승,800,+1.55%,100,"1,108,985","58,375","52,500","112,765","18,234",8.94,,,,,,,,,,,,,,,,,,,,,,,,,,,,,,,,,,,,,,,,,,,,,,,,,
46,삼성에스디에스,"132,800",상승,100,+0.08%,500,"150,383","20,048","132,800","102,758","9,111",13.56,,,,,,,,,,,,,,,,,,,,,,,,,,,,,,,,,,,,,,,,,,,,,,,,,
47,한진칼,"152,500",상승,"11,200",+7.93%,"2,500","325,112","48,451","152,400","101,812",492,22.35,,,,,,,,,,,,,,,,,,,,,,,,,,,,,,,,,,,,,,,,,,,,,,,,,
48,미래에셋증권,"17,690",상승,"2,070",+13.25%,"5,000","12,638,701","218,877","17,680","100,889","11,881",14.39,,,,,,,,,,,,,,,,,,,,,,,,,,,,,,,,,,,,,,,,,,,,,,,,,
49,LIG넥스원,"452,000",상승,"4,500",+1.01%,"5,000","124,487","55,837","452,000","99,440","2,298",40.53,,,,,,,,,,,,,,,,,,,,,,,,,,,,,,,,,,,,,,,,,,,,,,,,,
50,HD현대,"120,300",상승,"7,400",+6.55%,"1,000","905,742","108,004","120,000","95,029","29,832",18.10,,,,,,,,,,,,,,,,,,,,,,,,,,,,,,,,,,,,,,,,,,,,,,,,,
51,삼성전기,"121,700",상승,900,+0.75%,"5,000","309,432","37,669","121,600","90,902","7,350",15.00,57,현대글로비스,"113,200",상승,"1,600",+1.43%,500,"96,703","111,900","113,300","168,491",12.80,13.24,57,현대글로비스,"113,200",상승,"1,600",+1.43%,500,"114,900","2,697","80,398","10,995",49.33,6.96,57,현대글로비스,"113,200",상승,"1,600",+1.43%,500,"110,200","6,395","75,000","284,074","15,834",0.95,57,현대글로비스,"113,200",상승,"1,600",+1.43%,500,"3,700",10.61,"22,650.2"
52,포스코퓨처엠,"117,000",상승,500,+0.43%,500,"289,821","34,215","116,900","90,632",7,-40.57,58,대한항공,"22,800",상승,150,+0.66%,"5,000","671,567","22,650","22,850","470,121",17.88,13.17,58,대한항공,"22,800",상승,150,+0.66%,"5,000","22,950","247,102","360,489","13,819",17.07,3.57,58,대한항공,"22,800",상승,150,+0.66%,"5,000","22,600","242,970","368,221","178,707","3,322",0.80,58,대한항공,"22,800",상승,150,+0.66%,"5,000",750,10.92,413.2
53,두산,"540,000",상승,"53,500",+11.00%,"5,000","228,484","119,645","539,000","89,229","10,038",-55.73,59,KODEX CD금리액티브(합성),"1,071,585",상승,295,+0.03%,0,"155,962","1,071,585","1,071,590",N/A,N/A,N/A,59,KODEX CD금리액티브(합성),"1,071,585",상승,295,+0.03%,0,"1,071,590","268,395",N/A,N/A,0.00,N/A,59,KODEX CD금리액티브(합성),"1,071,585",상승,295,+0.03%,0,"1,071,585","376,648","7,806",N/A,N/A,N/A,,,,,,,,,,
54,포스코인터내셔널,"49,650",상승,"1,250",+2.58%,"5,000","436,378","21,768","49,650","87,346","11,169",16.24,60,한화시스템,"43,900",상승,550,+1.27%,"5,000","2,558,857","43,850","43,900","57,240",78.95,19.63,60,한화시스템,"43,900",상승,550,+1.27%,"5,000","44,200","57,404","33,076","4,454",8.07,8.73,60,한화시스템,"43,900",상승,550,+1.27%,"5,000","43,200","54,359","188,919","28,037","2,331",2.44,,,,,,,,,,
55,삼양식품,"1,130,000",상승,"48,000",+4.44%,"5,000","62,357","70,053","1,129,000","85,123","3,446",27.95,61,유한양행,"103,000",하락,"1,000",-0.96%,"1,000","235,960","104,400","103,100","29,420",-3.77,3.41,61,유한양행,"103,000",하락,"1,000",-0.96%,"1,000","105,200","31,016","7,914",552,17.91,1.92,61,유한양행,"103,000",하락,"1,000",-0.96%,"1,000","102,900","26,637","80,209","20,678",821,3.73,,,,,,,,,,
56,한국항공우주,"87,200",상승,"3,400",+4.06%,"5,000","1,372,220","118,986","87,100","84,998","2,407",51.35,62,HD현대마린솔루션,"183,300",상승,"3,400",+1.89%,500,"84,011","180,000","183,300","11,522",34.87,44.98,62,HD현대마린솔루션,"183,300",상승,"3,400",+1.89%,500,"184,500",801,"3,787","2,279",28.57,25.20,62,HD현대마린솔루션,"183,300",상승,"3,400",+1.89%,500,"174,800","4,057","44,829","17,455","5,588",11.48,,,,,,,,,,
57,현대글로비스,"113,200",상승,"1,600",+1.43%,500,"152,901","17,341","113,200","84,900","17,529",7.15,,,,,,,,,,,,,,,,,,,,,,,,,,,,,,,,,,,,,,,,,,,,,,,,,
58,대한항공,"22,800",상승,150,+0.66%,"5,000","1,125,126","25,621","22,800","83,954","21,102",6.86,,,,,,,,,,,,,,,,,,,,,,,,,,,,,,,,,,,,,,,,,,,,,,,,,
59,KODEX CD금리액티브(합성),"1,071,585",상승,295,+0.03%,0,"182,956","196,053","1,071,585","83,645",N/A,N/A,,,,,,,,,,,,,,,,,,,,,,,,,,,,,,,,,,,,,,,,,,,,,,,,,
60,한화시스템,"43,900",상승,550,+1.27%,"5,000","1,800,507","78,814","43,850","82,936","2,193",18.83,,,,,,,,,,,,,,,,,,,,,,,,,,,,,,,,,,,,,,,,,,,,,,,,,
61,유한양행,"103,000",하락,"1,000",-0.96%,"1,000","448,823","46,491","103,000","82,615",549,125.46,,,,,,,,,,,,,,,,,,,,,,,,,,,,,,,,,,,,,,,,,,,,,,,,,
62,HD현대마린솔루션,"183,300",상승,"3,400",+1.89%,500,"226,555","40,982","183,200","82,172","2,717",32.80,,,,,,,,,,,,,,,,,,,,,,,,,,,,,,,,,,,,,,,,,,,,,,,,,
63,TIGER 미국S&P500,"20,315",상승,270,+1.35%,0,"2,294,570","46,757","20,310","81,199",N/A,N/A,,,,,,,,,,,,,,,,,,,,,,,,,,,,,,,,,,,,,,,,,,,,,,,,,
64,HD현대미포,"202,000",상승,"8,300",+4.28%,"5,000","375,281","74,063","201,500","80,683",885,52.85,,,,,,,,,,,,,,,,,,,,,,,,,,,,,,,,,,,,,,,,,,,,,,,,,
65,한미반도체,"82,800",상승,"2,800",+3.50%,100,"798,872","66,247","82,700","79,997","2,554",58.23,,,,,,,,,,,,,,,,,,,,,,,,,,,,,,,,,,,,,,,,,,,,,,,,,
66,아모레퍼시픽,"134,100",하락,200,-0.15%,500,"263,213","35,537","134,100","78,439","2,205",14.81,,,,,,,,,,,,,,,,,,,,,,,,,,,,,,,,,,,,,,,,,,,,,,,,,
67,LS ELECTRIC,"256,500",상승,"8,500",+3.43%,"5,000","156,632","40,150","256,000","76,950","3,897",33.43,,,,,,,,,,,,,,,,,,,,,,,,,,,,,,,,,,,,,,,,,,,,,,,,,
68,현대건설,"68,800",상승,"3,100",+4.72%,"5,000","2,405,892","162,400","68,800","76,613","-12,634",-37.97,,,,,,,,,,,,,,,,,,,,,,,,,,,,,,,,,,,,,,,,,,,,,,,,,
69,DB손해보험,"103,700",상승,"5,400",+5.49%,500,"231,222","23,829","103,600","73,420","24,249",3.97,,,,,,,,,,,,,,,,,,,,,,,,,,,,,,,,,,,,,,,,,,,,,,,,,
70,SK바이오팜,"89,700",하락,"1,400",-1.54%,500,"263,233","23,722","89,600","70,247",963,27.96,,,,,,,,,,,,,,,,,,,,,,,,,,,,,,,,,,,,,,,,,,,,,,,,,
71,한화,"93,400",상승,"16,200",+20.98%,"5,000","3,261,845","293,529","93,300","70,011","24,161",8.93,,,,,,,,,,,,,,,,,,,,,,,,,,,,,,,,,,,,,,,,,,,,,,,,,
72,KODEX 머니마켓액티브,"102,990",상승,5,0.00%,0,"461,623","47,541","102,985","68,793",N/A,N/A,,,,,,,,,,,,,,,,,,,,,,,,,,,,,,,,,,,,,,,,,,,,,,,,,
73,코웨이,"91,100",보합,0,0.00%,500,"205,090","18,694","91,000","65,509","7,954",11.62,,,,,,,,,,,,,,,,,,,,,,,,,,,,,,,,,,,,,,,,,,,,,,,,,
74,KODEX 200,"37,140",상승,"1,015",+2.81%,0,"7,164,874","265,157","37,140","64,884",N/A,N/A,,,,,,,,,,,,,,,,,,,,,,,,,,,,,,,,,,,,,,,,,,,,,,,,,
75,한국금융지주,"113,700",상승,"8,800",+8.39%,"5,000","572,512","64,535","113,500","63,360","11,997",6.73,,,,,,,,,,,,,,,,,,,,,,,,,,,,,,,,,,,,,,,,,,,,,,,,,
76,S-Oil,"55,800",상승,800,+1.45%,"2,500","256,423","14,385","55,800","62,821","4,222",-16.11,,,,,,,,,,,,,,,,,,,,,,,,,,,,,,,,,,,,,,,,,,,,,,,,,
77,효성중공업,"648,000",상승,"11,000",+1.73%,"5,000","40,001","26,055","648,000","60,423","3,625",19.93,,,,,,,,,,,,,,,,,,,,,,,,,,,,,,,,,,,,,,,,,,,,,,,,,
78,NH투자증권,"17,920",상승,710,+4.13%,"5,000","1,533,154","27,647","17,920","58,687","9,011",9.07,,,,,,,,,,,,,,,,,,,,,,,,,,,,,,,,,,,,,,,,,,,,,,,,,
79,LG유플러스,"13,160",상승,280,+2.17%,"5,000","1,906,605","25,108","13,150","57,458","8,631",14.04,,,,,,,,,,,,,,,,,,,,,,,,,,,,,,,,,,,,,,,,,,,,,,,,,
80,맥쿼리인프라,"11,680",하락,10,-0.09%,0,"951,568","11,106","11,670","55,938",N/A,N/A,,,,,,,,,,,,,,,,,,,,,,,,,,,,,,,,,,,,,,,,,,,,,,,,,
81,LS,"173,200",상승,"12,500",+7.78%,"5,000","512,504","88,732","173,200","55,770","10,729",19.63,,,,,,,,,,,,,,,,,,,,,,,,,,,,,,,,,,,,,,,,,,,,,,,,,
82,삼성증권,"62,000",상승,"2,800",+4.73%,"5,000","680,028","42,104","61,900","55,366","12,058",6.16,,,,,,,,,,,,,,,,,,,,,,,,,,,,,,,,,,,,,,,,,,,,,,,,,
83,한화솔루션,"31,600",상승,"1,700",+5.69%,"5,000","5,043,612","158,034","31,600","54,318","-3,002",-5.57,,,,,,,,,,,,,,,,,,,,,,,,,,,,,,,,,,,,,,,,,,,,,,,,,
84,현대차2우B,"150,800",상승,"4,200",+2.86%,"5,000","146,527","21,817","150,600","52,726",N/A,3.29,,,,,,,,,,,,,,,,,,,,,,,,,,,,,,,,,,,,,,,,,,,,,,,,,
85,LG생활건강,"330,000",상승,"7,500",+2.33%,"5,000","53,632","17,721","329,500","51,540","4,590",32.34,,,,,,,,,,,,,,,,,,,,,,,,,,,,,,,,,,,,,,,,,,,,,,,,,
86,삼성카드,"44,150",상승,"1,350",+3.15%,"5,000","128,976","5,656","44,100","51,152","8,854",7.70,,,,,,,,,,,,,,,,,,,,,,,,,,,,,,,,,,,,,,,,,,,,,,,,,
87,카카오페이,"37,300",하락,850,-2.23%,500,"366,439","13,814","37,300","50,241",-575,"-1,203.23",,,,,,,,,,,,,,,,,,,,,,,,,,,,,,,,,,,,,,,,,,,,,,,,,
88,TIGER 미국나스닥100,"131,675",상승,"2,430",+1.88%,0,"161,134","21,287","131,670","49,668",N/A,N/A,,,,,,,,,,,,,,,,,,,,,,,,,,,,,,,,,,,,,,,,,,,,,,,,,
89,LG씨엔에스,"51,200",상승,800,+1.59%,500,"208,661","10,641","51,200","49,606","5,129",11.14,,,,,,,,,,,,,,,,,,,,,,,,,,,,,,,,,,,,,,,,,,,,,,,,,
90,한국타이어앤테크놀로지,"38,550",상승,450,+1.18%,500,"524,861","20,214","38,500","47,754","17,623",4.43,,,,,,,,,,,,,,,,,,,,,,,,,,,,,,,,,,,,,,,,,,,,,,,,,
91,TIGER CD금리투자KIS(합성),"56,150",상승,15,+0.03%,0,"152,106","8,540","56,145","47,749",N/A,N/A,,,,,,,,,,,,,,,,,,,,,,,,,,,,,,,,,,,,,,,,,,,,,,,,,
92,넷마블,"54,700",하락,400,-0.73%,100,"147,353","8,089","54,700","47,017","2,156",46.24,,,,,,,,,,,,,,,,,,,,,,,,,,,,,,,,,,,,,,,,,,,,,,,,,
93,에이피알,"124,800",상승,"1,600",+1.30%,100,"337,544","42,192","124,800","46,983","1,227",35.50,,,,,,,,,,,,,,,,,,,,,,,,,,,,,,,,,,,,,,,,,,,,,,,,,
94,두산밥캣,"47,600",상승,400,+0.85%,500,"229,222","10,986","47,600","45,627","8,714",10.33,,,,,,,,,,,,,,,,,,,,,,,,,,,,,,,,,,,,,,,,,,,,,,,,,
95,CJ,"151,900",상승,"16,500",+12.19%,"5,000","578,240","86,198","151,900","44,320","25,475",54.54,,,,,,,,,,,,,,,,,,,,,,,,,,,,,,,,,,,,,,,,,,,,,,,,,
96,오리온,"111,700",상승,900,+0.81%,500,"161,117","18,038","111,700","44,162","5,436",8.25,,,,,,,,,,,,,,,,,,,,,,,,,,,,,,,,,,,,,,,,,,,,,,,,,
97,KODEX 미국S&P500,"18,700",상승,250,+1.36%,0,"2,267,279","42,526","18,695","43,861",N/A,N/A,,,,,,,,,,,,,,,,,,,,,,,,,,,,,,,,,,,,,,,,,,,,,,,,,
98,삼성E&A,"21,850",상승,400,+1.86%,"5,000","853,163","18,612","21,850","42,826","9,716",5.74,,,,,,,,,,,,,,,,,,,,,,,,,,,,,,,,,,,,,,,,,,,,,,,,,
99,키움증권,"173,000",상승,"10,600",+6.53%,"5,000","283,356","48,899","172,900","42,345","10,982",5.90,,,,,,,,,,,,,,,,,,,,,,,,,,,,,,,,,,,,,,,,,,,,,,,,,
100,LG디스플레이,"8,420",상승,110,+1.32%,"5,000","1,100,984","9,258","8,420","42,100","-5,606",-2.06,,,,,,,,,,,,,,,,,,,,,,,,,,,,,,,,,,,,,,,,,,,,,,,,,
