N,종목명,현재가,전일비변동,전일비,등락률,액면가,주당순이익,PER,ROE,ROA,PBR,유보율
1,삼성전자,"56,800",상승,600,+1.07%,100,"5,162",11.00,9.03,7.10,0.96,"41,772.8"
2,SK하이닉스,"207,500",상승,"3,000",+1.47%,"5,000","35,682",5.82,31.06,17.98,1.76,"1,911.2"
3,삼성바이오로직스,"1,031,000",하락,"1,000",-0.10%,"2,500","17,977",57.35,10.45,6.49,6.51,"6,041.4"
4,LG에너지솔루션,"284,500",하락,"1,500",-0.52%,500,"-4,974",-57.20,-4.93,0.64,3.15,"15,864.8"
5,한화에어로스페이스,"835,000",상승,"24,000",+2.96%,"5,000","49,447",16.89,53.94,8.08,9.66,"2,060.4"
6,KB금융,"100,000",하락,"4,300",-4.12%,"5,000","12,705",7.87,8.86,0.68,0.65,"2,820.3"
7,HD현대중공업,"428,000",상승,"22,500",+5.55%,"5,000","9,880",43.32,11.39,3.40,6.54,993.7
8,삼성전자우,"46,350",상승,250,+0.54%,100,"5,162",8.98,N/A,N/A,0.78,N/A
9,현대차,"184,000",하락,"1,300",-0.70%,"5,000","45,880",4.01,12.43,4.25,0.43,"7,001.5"
10,셀트리온,"161,000",보합,0,0.00%,"1,000","2,244",71.75,2.46,2.04,2.00,"8,422.3"
11,기아,"88,400",하락,"1,000",-1.12%,"5,000","23,440",3.77,19.09,11.28,0.62,"2,430.7"
12,NAVER,"186,500",하락,"1,000",-0.53%,100,"11,452",16.29,7.90,5.23,1.05,"166,173.7"
13,신한지주,"55,800",하락,"2,300",-3.96%,"5,000","8,740",6.38,8.11,0.64,0.50,"1,889.2"
14,두산에너빌리티,"40,950",상승,600,+1.49%,"5,000",-159,-257.55,1.52,1.55,3.45,90.8
15,삼성물산,"151,300",상승,"1,500",+1.00%,100,"12,523",12.08,6.83,4.33,0.78,"133,443.8"
16,한화오션,"77,800",하락,200,-0.26%,"5,000","2,261",34.41,11.52,3.32,4.69,23.1
17,현대모비스,"246,500",하락,"6,500",-2.57%,"5,000","45,380",5.43,9.35,6.49,0.47,"9,016.3"
18,HMM,"22,300",상승,"1,000",+4.69%,"5,000","5,073",4.40,15.35,12.70,0.70,421.5
19,HD한국조선해양,"312,500",하락,"4,000",-1.26%,"5,000","20,895",14.96,11.16,4.22,1.94,"4,997.3"
20,하나금융지주,"70,000",하락,"2,700",-3.71%,"5,000","12,872",5.44,9.11,0.61,0.46,"2,823.5"
21,메리츠금융지주,"111,300",하락,400,-0.36%,500,"11,897",9.36,23.44,2.14,1.98,"10,244.4"
22,삼성생명,"99,900",상승,"1,000",+1.01%,500,"10,534",9.48,6.18,0.72,0.58,"34,748.3"
23,POSCO홀딩스,"244,000",하락,"6,000",-2.40%,"5,000","10,286",23.72,2.00,0.93,0.33,"11,465.0"
24,한국전력,"30,100",하락,250,-0.82%,"5,000","8,191",3.67,9.22,1.49,0.46,703.2
25,카카오,"43,150",상승,450,+1.05%,100,346,124.71,0.56,-0.64,1.82,"24,438.2"
26,삼성화재,"388,000",하락,"16,500",-4.08%,500,"41,007",9.46,13.11,2.41,1.06,"64,439.2"
27,크래프톤,"368,000",하락,"1,000",-0.27%,100,"27,686",13.29,21.10,18.14,2.32,"133,158.9"
28,현대로템,"152,000",상승,"5,600",+3.83%,"5,000","4,664",32.59,21.85,7.70,7.59,221.4
29,고려아연,"730,000",하락,"1,000",-0.14%,"5,000","11,900",61.34,2.28,1.45,1.79,"8,819.3"
30,삼성중공업,"16,790",하락,110,-0.65%,"1,000",166,101.14,1.77,0.33,3.72,268.1
31,KT&G,"120,600",상승,400,+0.33%,"5,000","8,881",13.58,12.66,8.73,1.43,975.8
32,SK스퀘어,"110,300",하락,"4,500",-3.92%,100,"37,069",2.98,21.70,18.30,0.71,"69,416.6"
33,우리금융지주,"18,890",하락,380,-1.97%,"5,000","4,144",4.56,9.39,0.62,0.41,844.9
34,LG화학,"195,300",하락,"2,000",-1.01%,"5,000","-11,946",-16.35,-2.11,0.60,0.46,"7,705.8"
35,HD현대일렉트릭,"378,000",하락,"1,000",-0.26%,"5,000","15,581",24.26,39.34,14.87,9.05,675.6
36,SK이노베이션,"87,700",하락,"1,800",-2.01%,"5,000","-20,236",-4.33,-9.65,-2.48,0.54,"2,668.9"
37,KT,"49,400",하락,"1,400",-2.76%,"5,000","2,511",19.67,2.85,0.99,0.73,973.0
38,기업은행,"15,430",하락,310,-1.97%,"5,000","3,316",4.65,8.06,0.58,0.36,712.8
39,삼성SDI,"172,800",상승,"3,900",+2.31%,"5,000","1,461",118.28,3.13,1.54,0.61,"4,984.9"
40,SK,"163,400",하락,300,-0.18%,200,"12,281",13.31,-5.64,0.25,0.33,"155,360.5"
41,LG전자,"70,800",하락,300,-0.42%,"5,000","3,825",18.51,1.81,0.94,0.58,"2,137.1"
42,카카오뱅크,"24,050",상승,550,+2.34%,"5,000",923,26.06,6.95,0.75,1.75,174.8
43,하이브,"272,000",상승,"6,000",+2.26%,500,"1,256",216.56,0.31,-0.06,3.44,"14,580.2"
44,LG,"70,800",하락,200,-0.28%,"5,000","5,053",14.01,2.16,2.55,0.40,"3,030.5"
45,SK텔레콤,"51,700",상승,200,+0.39%,100,"5,874",8.80,10.83,4.58,0.93,"81,156.8"
46,삼성에스디에스,"132,700",상승,"2,500",+1.92%,500,"9,791",13.55,8.42,6.18,1.10,"24,018.5"
47,LIG넥스원,"447,500",상승,"18,500",+4.31%,"5,000","11,153",40.12,19.59,4.36,7.85,953.9
48,한진칼,"141,300",보합,0,0.00%,"2,500","6,822",20.71,16.75,12.82,2.92,"1,405.2"
49,포스코퓨처엠,"116,500",하락,100,-0.09%,500,"-2,884",-40.40,-7.98,-3.24,2.99,"5,732.6"
50,삼성전기,"120,800",하락,"1,400",-1.15%,"5,000","8,115",14.89,8.16,5.75,1.04,"1,944.3"
51,HD현대,"112,900",상승,"1,200",+1.07%,"1,000","6,647",16.99,6.36,2.72,0.86,"9,543.2"
52,미래에셋증권,"15,620",상승,70,+0.45%,"5,000","1,229",12.71,7.94,0.69,0.76,208.5
53,포스코인터내셔널,"48,400",하락,650,-1.33%,"5,000","3,058",15.83,8.14,2.97,1.28,622.1
54,현대글로비스,"111,600",하락,"1,800",-1.59%,500,"15,834",7.05,13.24,6.96,0.94,"22,650.2"
55,KODEX CD금리액티브(합성),"1,071,290",상승,155,+0.01%,0,N/A,N/A,N/A,N/A,N/A,N/A
56,유한양행,"104,000",하락,300,-0.29%,"1,000",821,126.67,3.41,1.92,3.77,"2,620.2"
57,대한항공,"22,650",상승,150,+0.67%,"5,000","3,322",6.82,13.17,3.57,0.80,413.2
58,한화시스템,"43,350",하락,"2,050",-4.52%,"5,000","2,331",18.60,19.63,8.73,2.41,178.0
59,한국항공우주,"83,800",상승,200,+0.24%,"5,000","1,698",49.35,10.42,2.25,4.84,254.3
60,삼양식품,"1,082,000",하락,"29,000",-2.61%,"5,000","40,436",26.76,39.37,19.62,8.94,"2,074.5"
61,HD현대마린솔루션,"179,900",상승,100,+0.06%,500,"5,588",32.19,44.98,25.20,11.27,"3,186.3"
62,두산,"486,500",하락,"1,500",-0.31%,"5,000","-9,690",-50.21,-14.57,1.03,5.80,"1,492.5"
63,TIGER 미국S&P500,"20,045",하락,190,-0.94%,0,N/A,N/A,N/A,N/A,N/A,N/A
64,아모레퍼시픽,"134,300",상승,600,+0.45%,500,"9,057",14.83,11.69,9.50,1.75,"15,131.5"
65,HD현대미포,"193,700",상승,200,+0.10%,"5,000","3,822",50.68,5.25,2.26,3.73,791.6
66,한미반도체,"80,000",하락,400,-0.50%,100,"1,422",56.26,27.43,21.27,14.55,"5,240.7"
67,LS ELECTRIC,"248,000",하락,"4,500",-1.78%,"5,000","7,673",32.32,13.44,5.90,4.02,"1,146.3"
68,현대건설,"65,700",상승,"1,900",+2.98%,"5,000","-1,812",-36.26,-2.09,-3.02,0.91,"1,285.6"
69,SK바이오팜,"91,100",하락,"1,900",-2.04%,500,"3,208",28.40,58.01,25.79,12.57,"1,183.2"
70,DB손해보험,"98,300",하락,"2,200",-2.19%,500,"26,152",3.76,18.98,2.93,0.63,"26,859.6"
71,KODEX 머니마켓액티브,"102,985",상승,35,+0.03%,0,N/A,N/A,N/A,N/A,N/A,N/A
72,코웨이,"91,100",상승,"2,200",+2.47%,500,"7,843",11.62,19.38,10.66,2.08,"7,654.8"
73,KODEX 200,"36,125",하락,15,-0.04%,0,N/A,N/A,N/A,N/A,N/A,N/A
74,S-Oil,"55,000",상승,600,+1.10%,"2,500","-3,463",-15.88,-2.18,-0.84,0.74,"2,868.5"
75,효성중공업,"637,000",상승,"18,000",+2.91%,"5,000","32,509",19.59,14.90,4.06,3.02,"2,671.5"
76,한국금융지주,"104,900",하락,"3,100",-2.87%,"5,000","16,883",6.21,11.54,1.02,0.63,"3,077.7"
77,한화,"77,200",상승,"1,700",+2.25%,"5,000","10,464",7.38,7.19,0.73,0.69,"2,093.4"
78,NH투자증권,"17,210",하락,30,-0.17%,"5,000","1,976",8.71,8.73,1.15,0.73,356.3
79,LG유플러스,"12,880",상승,80,+0.63%,"5,000",937,13.75,4.40,1.58,0.65,236.0
80,맥쿼리인프라,"11,690",하락,40,-0.34%,0,N/A,N/A,N/A,N/A,N/A,N/A
81,삼성증권,"59,200",하락,"1,300",-2.15%,"5,000","10,068",5.88,12.89,1.51,0.72,"1,497.5"
82,LS,"160,700",상승,"1,400",+0.88%,"5,000","8,821",18.22,5.09,2.02,0.90,"2,816.6"
83,한화솔루션,"29,900",상승,100,+0.34%,"5,000","-5,673",-5.27,-15.99,-4.99,0.55,640.9
84,카카오페이,"38,150",상승,300,+0.79%,500,-31,"-1,230.65",-0.73,-0.51,2.74,"2,426.9"
85,현대차2우B,"146,600",하락,"1,100",-0.74%,"5,000","45,880",3.20,N/A,N/A,0.35,N/A
86,LG생활건강,"322,500",하락,"3,500",-1.07%,"5,000","10,204",31.61,3.44,2.79,0.96,"6,539.1"
87,삼성카드,"42,800",하락,400,-0.93%,"5,000","5,736",7.46,8.00,2.28,0.54,"1,346.0"
88,LG씨엔에스,"50,400",상승,200,+0.40%,500,"4,597",10.96,18.32,8.54,1.86,"4,318.3"
89,TIGER 미국나스닥100,"129,245",하락,"1,350",-1.03%,0,N/A,N/A,N/A,N/A,N/A,N/A
90,TIGER CD금리투자KIS(합성),"56,135",상승,5,+0.01%,0,N/A,N/A,N/A,N/A,N/A,N/A
91,넷마블,"55,100",상승,"4,000",+7.83%,100,"1,183",46.58,0.49,0.04,0.83,"48,867.2"
92,한국타이어앤테크놀로지,"38,100",하락,400,-1.04%,500,"8,704",4.38,10.79,7.91,0.42,"16,728.9"
93,에이피알,"123,200",상승,"7,900",+6.85%,100,"3,515",35.05,41.34,25.24,13.14,"9,596.7"
94,두산밥캣,"47,200",상승,200,+0.43%,500,"4,606",10.25,8.77,5.03,0.66,"12,296.0"
95,오리온,"110,800",상승,400,+0.36%,500,"13,534",8.19,16.57,13.62,1.24,"13,308.5"
96,KODEX 미국S&P500,"18,450",하락,165,-0.89%,0,N/A,N/A,N/A,N/A,N/A,N/A
97,삼성E&A,"21,450",하락,300,-1.38%,"5,000","3,804",5.64,19.65,7.17,0.98,323.0
98,LG디스플레이,"8,310",하락,300,-3.48%,"5,000","-4,084",-2.03,-37.21,-7.02,0.66,110.2
99,GS,"43,350",하락,200,-0.46%,"5,000","4,351",9.96,4.12,2.48,0.29,"3,413.4"
100,키움증권,"162,400",하락,200,-0.12%,"5,000","29,304",5.54,15.98,1.55,0.77,"3,899.0"
101,CJ,"135,400",하락,900,-0.66%,"5,000","2,785",48.62,1.83,0.32,0.84,"2,809.7"
102,한미약품,"304,500",하락,"7,000",-2.25%,"2,500","8,502",35.82,11.89,7.17,3.46,"3,410.3"
103,KODEX KOFR금리액티브(합성),"110,425",상승,15,+0.01%,0,N/A,N/A,N/A,N/A,N/A,N/A
104,현대오토에버,"139,000",하락,"4,400",-3.07%,500,"6,016",23.11,10.40,5.66,2.27,"12,206.6"
105,한국가스공사,"39,900",하락,"1,450",-3.51%,"5,000","12,001",3.32,11.21,2.00,0.31,"2,129.5"
106,현대제철,"27,450",하락,750,-2.66%,"5,000",-737,-37.25,-0.06,0.03,0.19,"2,593.5"
107,강원랜드,"17,120",상승,80,+0.47%,500,"2,050",8.35,12.09,9.99,0.92,"3,730.7"
108,엔씨소프트,"166,500",상승,"14,000",+9.18%,500,"3,408",48.86,2.99,2.26,1.07,"35,595.2"
109,SK바이오사이언스,"45,600",상승,500,+1.11%,500,-614,-74.27,-3.07,-2.13,1.98,"4,429.3"
110,JB금융지주,"18,380",하락,490,-2.60%,"5,000","3,469",5.30,12.80,1.07,0.63,486.9
111,CJ제일제당,"230,500",하락,"1,000",-0.43%,"5,000","4,511",51.10,1.97,1.21,0.47,"8,609.0"
112,BNK금융지주,"10,750",하락,310,-2.80%,"5,000","2,266",4.74,6.96,0.50,0.32,585.3
113,현대차우,"146,500",하락,"1,400",-0.95%,"5,000","45,880",3.19,N/A,N/A,0.35,N/A
114,LG이노텍,"142,300",하락,"2,600",-1.79%,"5,000","16,750",8.50,8.92,3.98,0.63,"4,226.8"
115,SKC,"88,400",하락,700,-0.79%,"5,000","-13,786",-6.41,-34.34,-6.60,2.67,509.3
116,KODEX 종합채권(AA-이상)액티브,"118,890",상승,125,+0.11%,0,N/A,N/A,N/A,N/A,N/A,N/A
117,포스코DX,"21,450",하락,650,-2.94%,500,552,38.86,17.92,9.94,6.10,587.8
118,롯데지주,"29,800",보합,0,0.00%,200,"-10,260",-2.90,-15.56,-4.13,0.35,"38,057.0"
119,TIGER 미국테크TOP10 INDXX,"22,550",하락,360,-1.57%,0,N/A,N/A,N/A,N/A,N/A,N/A
120,에코프로머티,"44,050",하락,"1,050",-2.33%,500,-600,-73.42,-5.56,-3.57,4.21,"1,856.4"
121,두산로보틱스,"47,450",상승,250,+0.53%,500,-665,-71.35,-8.69,-8.33,7.82,"1,140.6"
122,금호석유화학,"114,000",하락,"1,500",-1.30%,"5,000","12,168",9.37,5.88,4.27,0.49,"3,567.9"
123,현대엘리베이터,"75,600",하락,300,-0.40%,"5,000","5,347",14.14,14.42,5.46,2.39,548.4
124,RISE 머니마켓액티브,"54,260",상승,15,+0.03%,0,N/A,N/A,N/A,N/A,N/A,N/A
125,TIGER KOFR금리액티브(합성),"108,930",상승,15,+0.01%,0,N/A,N/A,N/A,N/A,N/A,N/A
126,F&F,"74,700",하락,800,-1.06%,100,"9,076",8.23,25.27,16.59,1.78,"41,791.2"
127,시프트업,"48,150",하락,"2,450",-4.84%,200,"2,717",17.72,31.30,29.37,3.56,"6,398.5"
128,이수페타시스,"38,100",하락,300,-0.78%,"1,000","1,429",26.66,24.92,10.45,7.09,400.5
129,KCC,"302,000",하락,"5,500",-1.79%,"5,000","-13,230",-22.83,6.08,2.22,0.35,"11,471.0"
130,영원무역,"59,700",하락,"1,000",-1.65%,500,"9,724",6.14,12.32,5.51,0.69,"15,958.9"
131,한화비전,"51,400",하락,700,-1.34%,500,635,80.94,N/A,N/A,3.13,"2,816.0"
132,롯데케미칼,"59,200",하락,500,-0.84%,"5,000","-42,451",-1.39,-11.44,-5.37,0.17,"5,981.4"
133,한화생명,"2,910",하락,45,-1.52%,"5,000",849,3.43,6.98,0.56,0.19,250.1
134,에스원,"66,500",상승,300,+0.45%,500,"4,687",14.19,10.85,7.85,1.40,"9,417.8"
135,동서,"25,300",하락,700,-2.69%,500,"1,490",16.98,9.52,9.16,1.51,"3,187.1"
136,KODEX 미국나스닥100,"19,420",하락,210,-1.07%,0,N/A,N/A,N/A,N/A,N/A,N/A
137,TIGER 200,"36,085",하락,5,-0.01%,0,N/A,N/A,N/A,N/A,N/A,N/A
138,농심,"406,000",하락,"18,000",-4.25%,"5,000","25,679",15.81,6.17,4.61,0.87,"8,442.9"
139,코스맥스,"216,500",상승,"6,500",+3.10%,500,"6,581",32.90,20.53,5.07,5.61,"7,260.9"
140,서울보증보험,"35,000",상승,850,+2.49%,"2,500","3,052",11.47,4.12,2.31,0.47,"2,865.0"
141,KODEX 200TR,"12,875",하락,10,-0.08%,0,N/A,N/A,N/A,N/A,N/A,N/A
142,한미사이언스,"34,800",하락,600,-1.69%,500,771,45.14,7.30,4.40,2.77,"2,404.5"
143,한전기술,"61,900",하락,900,-1.43%,200,"3,029",20.44,10.40,6.50,3.92,"7,589.0"
144,한화엔진,"28,350",상승,550,+1.98%,"1,000","1,003",28.27,25.64,6.21,5.72,334.6
145,대한전선,"12,640",하락,140,-1.10%,"1,000",419,30.17,5.85,3.28,1.56,825.3
146,이마트,"84,600",하락,"6,700",-7.34%,"5,000","-19,614",-4.31,-5.40,-1.70,0.22,"6,347.2"
147,KODEX 레버리지,"17,485",상승,10,+0.06%,0,N/A,N/A,N/A,N/A,N/A,N/A
148,TIGER 미국필라델피아반도체나스닥,"17,040",하락,570,-3.24%,0,N/A,N/A,N/A,N/A,N/A,N/A
149,ACE 미국30년국채액티브(H),"7,565",하락,55,-0.72%,0,N/A,N/A,N/A,N/A,N/A,N/A
150,KODEX CD1년금리플러스액티브(합성),"1,022,080",상승,155,+0.02%,0,N/A,N/A,N/A,N/A,N/A,N/A
151,롯데쇼핑,"77,600",하락,"3,000",-3.72%,"5,000","-36,401",-2.13,-7.75,-2.86,0.14,"7,827.8"
152,현대해상,"23,950",하락,400,-1.64%,500,"9,514",2.52,15.75,1.84,0.40,"10,663.0"
153,아모레퍼시픽홀딩스,"26,900",상승,700,+2.67%,500,"2,813",9.56,7.57,8.07,0.72,"7,413.1"
154,미스토홀딩스,"35,050",하락,"1,000",-2.77%,"1,000","1,563",22.42,4.30,3.95,1.01,"2,768.8"
155,제일기획,"18,300",하락,60,-0.33%,200,"1,679",10.90,15.12,6.73,1.34,"7,436.6"
156,씨에스윈드,"49,850",상승,500,+1.01%,500,"6,546",7.62,13.92,4.44,1.71,"4,820.3"
157,산일전기,"68,500",상승,"1,500",+2.24%,500,"3,214",21.31,29.88,24.47,4.60,"2,480.9"
158,아시아나항공,"9,960",하락,130,-1.29%,"5,000","-1,100",-9.05,-53.21,-3.12,2.02,-14.2
159,ACE 미국S&P500,"20,265",하락,185,-0.90%,0,N/A,N/A,N/A,N/A,N/A,N/A
160,한온시스템,"2,985",하락,35,-1.16%,100,-690,-4.33,-13.90,-3.61,0.71,"3,333.2"
161,한국콜마,"84,900",상승,"1,900",+2.29%,500,"4,109",20.66,12.50,4.09,2.54,"6,630.8"
162,TIGER 미국배당다우존스,"11,365",하락,90,-0.79%,0,N/A,N/A,N/A,N/A,N/A,N/A
163,팬오션,"3,705",보합,0,0.00%,"1,000",523,7.08,5.17,2.96,0.35,711.2
164,SK가스,"213,500",상승,"1,000",+0.47%,"5,000","26,657",8.01,6.74,2.61,0.69,"5,767.6"
165,호텔신라,"49,850",상승,250,+0.50%,"5,000","-1,652",-30.18,-6.50,-1.80,1.48,214.8
166,대웅제약,"168,500",상승,"9,800",+6.18%,"2,500","3,321",50.74,3.17,1.25,2.41,"2,712.0"
167,엘앤에프,"53,500",하락,"3,700",-6.47%,500,"-10,395",-5.15,-41.74,-12.38,2.99,"3,742.5"
168,GS건설,"22,550",하락,100,-0.44%,"5,000","1,624",13.89,5.63,1.49,0.43,979.3
169,KODEX 코스닥150레버리지,"7,280",상승,135,+1.89%,0,N/A,N/A,N/A,N/A,N/A,N/A
170,한전KPS,"42,000",하락,"1,200",-2.78%,200,"3,113",13.49,13.26,10.49,1.55,"14,650.7"
171,DB하이텍,"42,300",상승,"3,300",+8.46%,"5,000","5,205",8.13,12.44,10.33,0.90,857.2
172,DL이앤씨,"48,500",상승,200,+0.41%,"5,000","5,440",8.92,4.77,2.41,0.42,"2,140.1"
173,iM금융지주,"11,060",하락,110,-0.98%,"5,000","1,270",8.71,3.60,0.22,0.31,636.1
174,동원산업,"46,300",하락,200,-0.43%,"1,000","1,790",25.87,2.74,1.53,0.65,"10,447.2"
175,달바글로벌,"152,000",상승,"2,000",+1.33%,100,"1,427",106.52,26.21,14.39,17.07,"8,687.5"
176,CJ대한통운,"79,900",하락,500,-0.62%,"5,000","10,305",7.75,6.58,2.81,0.40,"3,202.6"
177,HD현대인프라코어,"9,390",하락,60,-0.63%,"1,000",413,22.74,5.92,2.49,0.95,"1,485.8"
178,코리안리,"9,270",상승,30,+0.32%,500,"1,625",5.70,9.45,2.51,0.47,"3,582.3"
179,한국앤컴퍼니,"18,740",하락,"1,560",-7.68%,500,"3,709",5.05,8.28,7.17,0.40,"8,830.2"
180,BGF리테일,"101,800",하락,700,-0.68%,"1,000","10,714",9.50,17.29,5.90,1.56,"6,668.7"
181,풍산,"62,700",상승,700,+1.13%,"5,000","8,589",7.30,11.33,6.09,0.79,"1,416.8"
182,대우건설,"4,165",하락,50,-1.19%,"5,000",485,8.59,5.62,2.03,0.39,132.1
183,TIGER 25-10 회사채(A+이상)액티브,"54,995",상승,5,+0.01%,0,N/A,N/A,N/A,N/A,N/A,N/A
184,신영증권,"104,600",하락,"7,200",-6.44%,"5,000","7,462",14.02,9.27,1.37,0.47,"2,175.2"
185,더존비즈온,"56,300",상승,600,+1.08%,500,"1,768",31.84,12.17,8.12,3.08,"3,853.9"
186,신세계,"170,800",하락,"7,100",-3.99%,"5,000","6,353",26.88,2.54,1.25,0.35,"8,413.3"
187,영원무역홀딩스,"119,500",하락,"1,300",-1.08%,500,"24,299",4.92,13.17,7.65,0.51,"36,841.8"
188,현대백화점,"70,700",하락,"1,300",-1.81%,"5,000","-1,573",-44.95,-0.81,-0.01,0.35,"3,731.1"
189,TIGER 차이나전기차SOLACTIVE,"9,155",하락,255,-2.71%,0,N/A,N/A,N/A,N/A,N/A,N/A
190,대웅,"27,450",상승,"2,100",+8.28%,500,"1,083",25.35,5.99,2.71,1.11,"3,669.0"
191,오뚜기,"391,000",하락,"7,000",-1.76%,"5,000","30,537",12.80,6.86,3.88,0.66,"11,685.5"
192,HL만도,"33,350",하락,350,-1.04%,"1,000",388,85.95,5.47,2.37,0.65,"3,919.0"
193,KODEX 단기채권PLUS,"114,670",상승,15,+0.01%,0,N/A,N/A,N/A,N/A,N/A,N/A
194,HDC현대산업개발,"23,350",하락,50,-0.21%,"5,000","2,722",8.58,5.09,2.15,0.48,851.2
195,TIGER MSCI Korea TR,"14,925",하락,70,-0.47%,0,N/A,N/A,N/A,N/A,N/A,N/A
196,ACE 미국나스닥100,"22,205",하락,245,-1.09%,0,N/A,N/A,N/A,N/A,N/A,N/A
197,한솔케미칼,"132,200",하락,800,-0.60%,"5,000","11,232",11.77,13.48,8.87,1.48,"1,709.0"
198,SK아이이테크놀로지,"21,000",하락,350,-1.64%,"1,000","-2,886",-7.28,-10.41,-5.99,0.62,"2,732.1"
199,SNT다이내믹스,"44,900",상승,"2,900",+6.90%,"2,500","3,038",14.78,12.90,9.20,1.28,910.8
200,녹십자,"127,500",상승,300,+0.24%,"5,000","2,458",51.87,-2.06,-1.58,1.16,"2,073.4"
201,RISE 종합채권(A-이상)액티브,"110,365",하락,15,-0.01%,0,N/A,N/A,N/A,N/A,N/A,N/A
202,일진전기,"30,000",하락,100,-0.33%,"1,000","1,184",25.34,10.60,4.24,2.81,947.7
203,HD현대마린엔진,"42,050",하락,650,-1.52%,"2,500","2,579",16.30,28.34,15.97,4.36,552.6
204,에스엘,"30,400",하락,"1,300",-4.10%,500,"7,575",4.01,17.42,11.02,0.60,"9,656.5"
205,에스디바이오센서,"11,470",하락,190,-1.63%,500,-853,-13.45,-3.43,-2.56,0.48,"4,338.2"
206,하이트진로,"19,840",하락,360,-1.78%,"5,000","1,510",13.14,8.63,2.82,1.24,230.4
207,OCI홀딩스,"71,500",상승,600,+0.85%,"5,000","-4,116",-17.37,2.54,1.62,0.34,"4,162.6"
208,한올바이오파마,"25,750",하락,150,-0.58%,500,-32,-804.69,-1.02,-0.80,8.20,548.5
209,SK리츠,"4,800",하락,20,-0.41%,500,4,"1,200.00",0.10,0.05,1.11,767.8
210,KODEX 200선물인버스2X,"1,914",상승,1,+0.05%,0,N/A,N/A,N/A,N/A,N/A,N/A
211,TIGER 25-12 금융채(AA-이상),"51,220",보합,0,0.00%,0,N/A,N/A,N/A,N/A,N/A,N/A
212,두산우,"323,500",하락,"4,000",-1.22%,"5,000","-9,690",-33.38,N/A,N/A,3.86,N/A
213,TIGER 미국30년국채커버드콜액티브(H),"7,885",하락,45,-0.57%,0,N/A,N/A,N/A,N/A,N/A,N/A
214,메리츠 KIS CD금리투자 ETN,"53,900",보합,0,0.00%,0,N/A,N/A,N/A,N/A,N/A,N/A
215,ACE KRX금현물,"20,740",상승,175,+0.85%,0,N/A,N/A,N/A,N/A,N/A,N/A
216,DN오토모티브,"21,700",하락,250,-1.14%,100,"5,240",4.14,19.78,6.65,0.63,"33,247.2"
217,RISE 200,"36,350",상승,25,+0.07%,0,N/A,N/A,N/A,N/A,N/A,N/A
218,금호타이어,"4,390",하락,55,-1.24%,"5,000","1,163",3.77,21.77,6.90,0.70,2.6
219,HD현대건설기계,"71,200",상승,700,+0.99%,"5,000","4,443",16.03,6.18,2.60,0.74,"1,585.0"
220,한일시멘트,"18,060",하락,330,-1.79%,500,"2,025",8.92,11.13,6.80,0.75,"4,821.4"
221,GS리테일,"14,950",하락,390,-2.54%,"1,000",-270,-55.37,0.07,0.11,0.39,"4,417.9"
222,이수스페셜티케미컬,"40,750",상승,250,+0.62%,"1,000",481,84.72,9.70,4.06,9.73,284.1
223,롯데렌탈,"33,200",상승,550,+1.68%,"5,000","3,288",10.10,7.51,1.50,0.82,681.1
224,엠앤씨솔루션,"130,900",상승,"2,000",+1.55%,100,"3,360",38.96,21.82,7.86,7.50,"17,866.6"
225,KODEX 코스닥150,"12,020",상승,115,+0.97%,0,N/A,N/A,N/A,N/A,N/A,N/A
226,가온전선,"72,300",상승,"1,900",+2.70%,"5,000","3,339",21.65,6.46,2.75,2.78,747.5
227,다우기술,"26,400",하락,450,-1.68%,500,"7,909",3.34,13.16,1.54,0.39,"12,761.3"
228,KODEX 삼성그룹,"8,675",하락,5,-0.06%,0,N/A,N/A,N/A,N/A,N/A,N/A
229,종근당,"85,500",하락,"1,100",-1.27%,"2,500","6,903",12.39,12.76,7.79,1.27,"2,834.0"
230,파라다이스,"12,810",상승,260,+2.07%,500,880,14.56,4.97,2.93,0.67,"2,033.4"
231,대신증권,"23,100",상승,150,+0.65%,"5,000","1,607",14.37,4.57,0.59,0.50,675.3
232,두산퓨얼셀,"17,870",상승,"1,050",+6.24%,100,-249,-71.77,N/A,N/A,2.99,"5,988.7"
233,오리온홀딩스,"18,680",하락,220,-1.16%,500,"2,436",7.67,7.03,8.66,0.47,"7,816.5"
234,HDC,"19,500",하락,100,-0.51%,"5,000","3,226",6.04,5.65,2.18,0.36,"1,478.0"
235,현대지에프홀딩스,"7,390",하락,70,-0.94%,500,"5,233",1.41,23.02,10.46,0.33,"4,018.3"
236,롯데에너지머티리얼즈,"21,850",하락,200,-0.91%,500,-843,-25.92,0.46,1.23,0.66,"5,060.1"
237,현대위아,"41,900",하락,800,-1.87%,"5,000","6,638",6.31,3.45,1.86,0.31,"2,464.8"
238,SK오션플랜트,"19,210",하락,10,-0.05%,500,282,68.12,2.34,1.18,1.59,"2,156.2"
239,한국카본,"21,900",하락,100,-0.45%,500,812,26.97,4.38,2.43,2.21,"1,836.1"
240,ACE 테슬라밸류체인액티브,"14,775",하락,675,-4.37%,0,N/A,N/A,N/A,N/A,N/A,N/A
241,경동나비엔,"75,400",상승,300,+0.40%,"1,000","8,968",8.41,19.43,10.28,1.51,"5,169.4"
242,RISE CD금리액티브(합성),"103,960",상승,10,+0.01%,0,N/A,N/A,N/A,N/A,N/A,N/A
243,롯데웰푸드,"117,000",하락,"2,200",-1.85%,500,"9,197",12.72,4.04,1.92,0.48,"36,023.0"
244,LX인터내셔널,"28,050",하락,250,-0.88%,"5,000","5,044",5.56,7.12,3.18,0.38,"1,173.4"
245,효성,"64,600",상승,"2,200",+3.53%,"5,000","29,071",2.22,19.62,10.27,0.50,"8,631.1"
246,코스모신소재,"33,200",상승,450,+1.37%,"1,000",460,72.17,3.62,2.42,2.17,"1,341.7"
247,더블유게임즈,"49,750",하락,950,-1.87%,500,"8,108",6.14,18.69,16.58,0.87,"9,212.6"
248,쿠쿠홀딩스,"29,950",하락,50,-0.17%,100,"3,873",7.73,12.08,10.47,0.78,"51,837.7"
249,롯데리츠,"3,680",하락,40,-1.08%,500,41,89.76,0.95,0.43,0.91,709.4
250,효성티앤씨,"240,500",하락,"2,500",-1.03%,"5,000","25,287",9.51,9.84,4.18,0.72,"6,057.8"
251,태광산업,"925,000",하락,"48,000",-4.93%,"5,000","225,266",4.11,5.45,4.62,0.20,"76,180.9"
252,TIGER 차이나항셍테크,"7,700",하락,160,-2.04%,0,N/A,N/A,N/A,N/A,N/A,N/A
253,SK케미칼,"58,900",상승,"1,500",+2.61%,"5,000","1,699",34.67,0.41,-0.09,0.51,"2,126.8"
254,TIGER CD1년금리액티브(합성),"1,045,425",상승,80,+0.01%,0,N/A,N/A,N/A,N/A,N/A,N/A
255,롯데칠성,"107,700",상승,900,+0.84%,500,"4,828",22.31,3.99,1.39,0.74,"44,602.9"
256,LS에코에너지,"32,600",상승,50,+0.15%,500,"1,151",28.32,19.00,7.88,5.27,991.2
257,KODEX 25-12 은행채(AAA)액티브,"102,730",상승,10,+0.01%,0,N/A,N/A,N/A,N/A,N/A,N/A
258,하나 CD금리투자 ETN,"104,075",상승,15,+0.01%,0,N/A,N/A,N/A,N/A,N/A,N/A
259,LX세미콘,"60,300",상승,100,+0.17%,500,"8,349",7.22,12.69,9.65,0.90,"13,173.7"
260,1Q 머니마켓액티브,"52,270",상승,15,+0.03%,0,N/A,N/A,N/A,N/A,N/A,N/A
261,한샘,"41,250",하락,800,-1.90%,"1,000","4,768",8.65,43.59,14.27,1.90,"2,540.2"
262,롯데관광개발,"12,710",상승,840,+7.08%,500,"-1,336",-9.51,-60.42,-5.93,3.30,"-1,163.7"
263,KB발해인프라,"7,860",상승,100,+1.29%,0,N/A,N/A,N/A,N/A,N/A,N/A
264,TIGER TOP10,"10,940",하락,60,-0.55%,0,N/A,N/A,N/A,N/A,N/A,N/A
265,미래에셋생명,"5,430",하락,200,-3.55%,"5,000",687,7.90,4.88,0.42,0.28,196.2
266,롯데정밀화학,"37,200",하락,700,-1.85%,"5,000",-723,-51.45,1.53,1.35,0.40,"1,755.2"
267,TIGER 미국배당다우존스타겟커버드콜2호,"9,280",하락,65,-0.70%,0,N/A,N/A,N/A,N/A,N/A,N/A
268,한화투자증권,"4,370",하락,90,-2.02%,"5,000",177,24.69,2.37,0.29,0.56,56.4
269,DL,"44,400",상승,150,+0.34%,"5,000","1,911",23.23,2.25,0.77,0.24,"5,186.1"
270,RISE 미국S&P500,"17,535",하락,160,-0.90%,0,N/A,N/A,N/A,N/A,N/A,N/A
271,동원시스템즈,"32,050",상승,"1,000",+3.22%,"5,000","2,309",13.88,9.01,4.70,1.13,359.9
272,SOL 조선TOP3플러스,"24,730",상승,80,+0.32%,0,N/A,N/A,N/A,N/A,N/A,N/A
273,ESR켄달스퀘어리츠,"4,330",하락,55,-1.25%,"1,000",78,55.51,0.33,0.15,0.87,409.0
274,세아제강지주,"222,500",하락,"19,500",-8.06%,"5,000","11,193",19.88,2.25,2.37,0.44,"8,012.0"
275,세방전지,"65,500",하락,"1,400",-2.09%,500,"12,471",5.25,12.22,8.76,0.57,"21,354.7"
276,STX엔진,"22,750",보합,0,0.00%,"2,500","1,269",17.93,10.15,2.91,3.20,95.8
277,RISE 미국나스닥100,"21,530",하락,230,-1.06%,0,N/A,N/A,N/A,N/A,N/A,N/A
278,GKL,"14,710",상승,620,+4.40%,500,630,23.35,8.01,5.27,2.19,"1,237.1"
279,SK네트웍스,"4,095",하락,40,-0.97%,"2,500",157,26.08,2.29,0.65,0.40,236.7
280,지역난방공사,"78,000",하락,900,-1.14%,"5,000","26,013",3.00,9.65,2.57,0.37,"2,959.8"
281,코오롱인더,"32,650",하락,800,-2.39%,"5,000","3,202",10.20,3.06,1.67,0.27,"1,661.3"
282,TIGER 종합채권(AA-이상)액티브,"56,965",보합,0,0.00%,0,N/A,N/A,N/A,N/A,N/A,N/A
283,동양생명,"5,510",하락,30,-0.54%,"5,000","1,948",2.83,12.91,0.93,0.45,151.2
284,삼성화재우,"286,000",하락,"9,000",-3.05%,500,"41,007",6.97,N/A,N/A,0.78,N/A
285,SNT에너지,"42,600",상승,"2,000",+4.93%,500,"1,677",25.40,11.90,7.37,2.73,"2,991.8"
286,SOL 초단기채권액티브,"53,205",상승,10,+0.02%,0,N/A,N/A,N/A,N/A,N/A,N/A
287,SK디스커버리,"47,900",상승,"1,050",+2.24%,"5,000","4,037",11.87,0.88,0.23,0.32,"3,564.1"
288,미원상사,"184,000",상승,"1,600",+0.88%,500,"11,599",15.86,12.99,10.92,2.11,"6,113.9"
289,HS효성첨단소재,"194,100",하락,"5,000",-2.51%,"5,000","7,152",27.14,5.46,2.24,0.86,"3,155.1"
290,SNT홀딩스,"52,900",상승,900,+1.73%,500,"8,835",5.99,12.40,8.91,0.61,"14,872.7"
291,TIGER 단기통안채,"110,550",상승,10,+0.01%,0,N/A,N/A,N/A,N/A,N/A,N/A
292,교보증권,"7,430",하락,390,-4.99%,"5,000","1,033",7.19,6.09,0.75,0.42,249.5
293,NICE평가정보,"14,200",하락,340,-2.34%,500,"1,294",10.97,19.48,14.09,2.06,"1,289.0"
294,빙그레,"88,400",하락,"2,100",-2.32%,"5,000","9,794",9.03,15.14,10.90,1.11,"1,399.0"
295,SOL 종합채권(AA-이상)액티브,"115,270",상승,20,+0.02%,0,N/A,N/A,N/A,N/A,N/A,N/A
296,KIWOOM 200TR,"46,750",하락,65,-0.14%,0,N/A,N/A,N/A,N/A,N/A,N/A
297,태영건설,"2,795",하락,5,-0.18%,500,55,50.82,61.93,1.49,1.70,745.0
298,프레스티지바이오파마,"13,680",상승,430,+3.25%,0,-497,-27.53,-7.40,-7.58,2.11,-39.3
299,PLUS 고배당주,"16,980",하락,215,-1.25%,0,N/A,N/A,N/A,N/A,N/A,N/A
300,미래에셋증권2우B,"5,960",상승,200,+3.47%,"5,000","1,229",4.85,N/A,N/A,0.29,N/A
301,미원에스씨,"163,500",상승,"1,600",+0.99%,500,"11,447",14.28,14.00,11.21,1.93,"16,072.7"
302,KODEX 25-11 은행채(AA-이상)PLUS액티브,"10,565",보합,0,0.00%,0,N/A,N/A,N/A,N/A,N/A,N/A
303,KODEX 2차전지산업,"9,745",하락,85,-0.86%,0,N/A,N/A,N/A,N/A,N/A,N/A
304,세아베스틸지주,"22,700",하락,700,-2.99%,"5,000",285,79.65,1.04,0.54,0.43,715.5
305,TIGER 미국30년국채스트립액티브(합성 H),"37,005",하락,500,-1.33%,0,N/A,N/A,N/A,N/A,N/A,N/A
306,하나투어,"51,100",상승,300,+0.59%,500,"4,487",11.39,47.19,15.09,5.23,"2,458.6"
307,동원F&B,"40,650",보합,0,0.00%,"1,000","6,169",6.59,12.43,5.88,0.71,"5,694.5"
308,율촌화학,"31,600",상승,"2,750",+9.53%,500,-856,-36.92,-2.86,-1.28,2.67,"1,862.9"
309,PLUS K방산,"41,565",상승,790,+1.94%,0,N/A,N/A,N/A,N/A,N/A,N/A
310,CJ CGV,"4,675",하락,75,-1.58%,500,"-1,084",-4.31,-30.74,-4.88,1.18,-100.0
311,KODEX Top5PlusTR,"21,995",하락,230,-1.03%,0,N/A,N/A,N/A,N/A,N/A,N/A
312,SNT모티브,"28,750",하락,800,-2.71%,"5,000","3,718",7.73,10.82,8.51,0.69,"1,363.0"
313,TIGER 단기채권액티브,"55,765",보합,0,0.00%,0,N/A,N/A,N/A,N/A,N/A,N/A
314,SOL 미국배당다우존스,"10,435",하락,80,-0.76%,0,N/A,N/A,N/A,N/A,N/A,N/A
315,N2 KIS CD금리투자 ETN,"53,895",보합,0,0.00%,0,N/A,N/A,N/A,N/A,N/A,N/A
316,대상,"21,700",보합,0,0.00%,"1,000","2,865",7.57,6.94,2.83,0.55,"3,884.4"
317,ACE 종합채권(AA-이상)KIS액티브,"108,845",상승,115,+0.11%,0,N/A,N/A,N/A,N/A,N/A,N/A
318,영풍,"39,250",하락,700,-1.75%,500,"2,169",18.10,-6.81,-5.82,0.18,"38,540.1"
319,솔루엠,"15,120",하락,220,-1.43%,500,612,24.71,9.48,3.92,1.67,"1,802.5"
320,TIGER 2차전지테마,"11,955",하락,150,-1.24%,0,N/A,N/A,N/A,N/A,N/A,N/A
321,케이카,"15,360",상승,270,+1.79%,500,968,15.87,19.09,8.15,3.31,822.2
322,보령,"8,620",하락,120,-1.37%,500,617,13.97,10.45,6.70,0.93,"1,752.0"
323,대덕전자,"14,960",하락,20,-0.13%,500,312,47.95,2.73,2.14,0.91,"3,287.4"
324,TIGER 미국나스닥100타겟데일리커버드콜,"9,150",하락,110,-1.19%,0,N/A,N/A,N/A,N/A,N/A,N/A
325,동아쏘시오홀딩스,"111,900",보합,0,0.00%,"5,000","10,412",10.75,5.63,2.89,0.68,"3,665.0"
326,LG화학우,"94,800",하락,"3,000",-3.07%,"5,000","-11,946",-7.94,N/A,N/A,0.22,N/A
327,이노션,"17,970",하락,210,-1.16%,500,"2,166",8.30,10.48,4.40,0.73,"4,895.0"
328,전진건설로봇,"48,700",하락,100,-0.20%,500,"2,064",23.59,24.55,16.64,5.04,"1,603.7"
329,파미셀,"11,830",상승,90,+0.77%,500,269,43.98,7.59,6.60,7.58,188.4
330,KODEX 미국S&P500(H),"13,520",하락,45,-0.33%,0,N/A,N/A,N/A,N/A,N/A,N/A
331,SK이터닉스,"20,650",상승,"1,150",+5.90%,200,738,27.98,N/A,N/A,2.87,"3,489.3"
332,DI동일,"33,800",상승,500,+1.50%,500,-139,-243.17,0.28,0.25,1.26,"4,234.0"
333,녹십자홀딩스,"14,580",하락,120,-0.82%,500,"1,367",10.67,2.43,-0.30,0.69,"3,630.3"
334,삼양홀딩스,"78,800",상승,"5,300",+7.21%,"5,000","2,846",27.69,1.38,1.71,0.28,"4,122.4"
335,KG모빌리티,"3,380",하락,45,-1.31%,"1,000",-87,-38.85,2.70,1.18,0.47,-5.8
336,솔루스첨단소재,"9,720",상승,"1,140",+13.29%,100,-141,-68.94,0.62,-2.26,1.17,"7,603.3"
337,ACE 미국빅테크TOP7 Plus,"16,800",하락,295,-1.73%,0,N/A,N/A,N/A,N/A,N/A,N/A
338,신한알파리츠,"5,630",하락,30,-0.53%,"1,000",99,56.87,0.61,0.23,1.08,422.4
339,한화리츠,"3,780",상승,5,+0.13%,500,101,37.43,0.83,0.24,0.96,831.4
340,덴티움,"61,200",하락,600,-0.97%,500,"6,198",9.87,14.27,8.68,0.94,"8,834.4"
341,PLUS 200,"36,685",하락,40,-0.11%,0,N/A,N/A,N/A,N/A,N/A,N/A
342,유안타증권,"3,330",하락,80,-2.35%,"5,000",344,9.68,4.52,0.44,0.42,59.1
343,TIGER 머니마켓액티브,"100,410",상승,25,+0.02%,0,N/A,N/A,N/A,N/A,N/A,N/A
344,현대홈쇼핑,"54,900",상승,300,+0.55%,"5,000","6,942",7.91,7.43,4.05,0.27,"3,628.6"
345,넥센타이어,"6,740",상승,30,+0.45%,500,"1,203",5.60,7.10,2.88,0.36,"3,093.8"
346,KODEX 미국빅테크10(H),"47,920",하락,245,-0.51%,0,N/A,N/A,N/A,N/A,N/A,N/A
347,NHN,"19,280",상승,220,+1.15%,500,"-3,937",-4.90,-8.60,-5.80,0.42,"8,281.1"
348,N2 코스피 변동성 매칭형 양매도 ETN,"9,295",상승,85,+0.92%,0,N/A,N/A,N/A,N/A,N/A,N/A
349,TKG휴켐스,"15,800",하락,470,-2.89%,"1,000","1,509",10.47,9.09,6.83,0.72,"2,195.3"
350,키움 CD금리투자 ETN,"103,755",상승,5,0.00%,0,N/A,N/A,N/A,N/A,N/A,N/A
351,TIGER 리츠부동산인프라,"4,255",상승,20,+0.47%,0,N/A,N/A,N/A,N/A,N/A,N/A
352,GS피앤엘,"32,500",상승,"2,200",+7.26%,"1,000",-573,-56.72,N/A,N/A,0.76,"4,123.4"
353,아이에스동서,"21,150",상승,100,+0.48%,500,"-5,961",-3.55,-10.19,-4.11,0.47,"8,633.2"
354,세진중공업,"11,170",상승,30,+0.27%,500,383,29.16,6.16,3.78,3.35,509.1
355,금양,"9,900",보합,0,0.00%,500,"-2,420",-4.09,-40.88,-18.99,1.27,"1,197.9"
356,ACE 미국배당다우존스,"11,575",하락,80,-0.69%,0,N/A,N/A,N/A,N/A,N/A,N/A
357,LG전자우,"36,400",하락,50,-0.14%,"5,000","3,825",9.52,N/A,N/A,0.30,N/A
358,신풍제약,"11,770",하락,20,-0.17%,500,-255,-46.16,-5.85,-4.44,2.36,915.2
359,LX홀딩스,"8,160",하락,90,-1.09%,"1,000","2,346",3.48,9.08,8.90,0.33,"2,172.3"
360,카프로,"3,660",보합,0,0.00%,500,210,17.43,102.36,14.56,7.77,-145.4
361,KODEX 반도체,"31,220",상승,285,+0.92%,0,N/A,N/A,N/A,N/A,N/A,N/A
362,KODEX 단기채권,"113,355",상승,25,+0.02%,0,N/A,N/A,N/A,N/A,N/A,N/A
363,KODEX 미국30년국채타겟커버드콜(합성 H),"8,575",하락,50,-0.58%,0,N/A,N/A,N/A,N/A,N/A,N/A
364,유니드,"90,500",하락,500,-0.55%,"5,000","11,360",7.97,7.96,5.81,0.59,"3,267.1"
365,한국단자,"60,000",하락,"1,200",-1.96%,500,"12,988",4.62,14.16,9.54,0.57,"20,239.3"
366,TIGER Fn반도체TOP10,"9,815",상승,70,+0.72%,0,N/A,N/A,N/A,N/A,N/A,N/A
367,HJ중공업,"7,240",상승,20,+0.28%,"5,000",-41,-176.59,1.56,0.21,1.73,-96.3
368,KG스틸,"5,940",하락,390,-6.16%,"5,000","1,757",3.38,6.93,4.05,0.29,255.5
369,KODEX MSCI Korea TR,"11,880",하락,35,-0.29%,0,N/A,N/A,N/A,N/A,N/A,N/A
370,F&F홀딩스,"15,160",하락,500,-3.19%,500,"2,627",5.77,4.92,8.18,0.27,"21,897.8"
371,아세아,"284,500",하락,"2,000",-0.70%,"5,000","25,096",11.34,5.58,3.28,0.41,"15,216.0"
372,쿠쿠홈시스,"26,300",상승,600,+2.33%,100,"5,424",4.85,14.00,10.81,0.62,"40,964.9"
373,한화3우B,"30,400",상승,450,+1.50%,"5,000","10,464",2.91,N/A,N/A,0.27,N/A
374,KODEX 국고채30년액티브,"122,890",하락,450,-0.36%,0,N/A,N/A,N/A,N/A,N/A,N/A
375,KODEX 인버스,"4,200",상승,10,+0.24%,0,N/A,N/A,N/A,N/A,N/A,N/A
376,HD현대에너지솔루션,"52,200",상승,"3,950",+8.19%,"5,000","1,646",31.71,0.03,0.02,1.59,555.4
377,KODEX 미국30년국채액티브(H),"8,780",하락,60,-0.68%,0,N/A,N/A,N/A,N/A,N/A,N/A
378,현대그린푸드,"17,020",하락,130,-0.76%,500,"2,238",7.61,11.41,8.11,0.83,"3,840.7"
379,애경케미칼,"11,490",하락,130,-1.12%,500,97,118.45,0.54,0.64,0.77,"2,892.6"
380,제이알글로벌리츠,"2,775",하락,5,-0.18%,"1,000",105,26.43,2.48,0.98,0.68,333.2
381,삼천리,"134,200",상승,200,+0.15%,"5,000","27,036",4.96,6.55,2.72,0.28,"7,896.2"
382,코스모화학,"13,940",상승,170,+1.23%,"1,000","-1,561",-8.93,-24.71,-4.56,2.35,222.3
383,제주항공,"6,620",하락,30,-0.45%,"1,000",-722,-9.17,6.84,1.09,1.83,260.7
384,JW중외제약,"22,900",하락,300,-1.29%,"2,500","2,507",9.13,21.87,10.41,1.69,426.9
385,한화손해보험,"4,550",하락,30,-0.66%,"5,000","2,217",2.05,10.36,1.67,0.24,282.4
386,대한유화,"81,200",하락,"1,400",-1.69%,"5,000",158,513.92,-0.47,-0.39,0.28,"4,315.2"
387,삼양사,"51,000",보합,0,0.00%,"5,000","10,808",4.72,7.53,4.18,0.29,"2,704.0"
388,한일홀딩스,"17,030",상승,220,+1.31%,"1,000","3,032",5.62,7.56,5.46,0.33,"8,021.2"
389,KB KIS CD금리투자 ETN,"52,030",보합,0,0.00%,0,N/A,N/A,N/A,N/A,N/A,N/A
390,TIGER 인도니프티50,"13,270",하락,115,-0.86%,0,N/A,N/A,N/A,N/A,N/A,N/A
391,한국쉘석유,"397,000",하락,"5,500",-1.37%,"5,000","29,500",13.46,28.93,19.31,4.82,"1,718.2"
392,바이오노트,"5,050",하락,50,-0.98%,500,415,12.17,3.46,3.36,0.32,"2,959.9"
393,PLUS 머니마켓액티브,"52,255",상승,15,+0.03%,0,N/A,N/A,N/A,N/A,N/A,N/A
394,케이씨텍,"24,600",상승,250,+1.03%,500,"2,341",10.51,11.28,10.04,1.00,"4,806.0"
395,E1,"74,100",하락,500,-0.67%,"5,000","15,251",4.86,3.83,0.69,0.25,"4,931.3"
396,롯데손해보험,"1,635",하락,3,-0.18%,"1,000",78,20.96,2.31,0.16,0.64,156.3
397,퍼시스,"44,050",하락,300,-0.68%,"1,000","2,879",15.30,8.64,7.69,0.69,"4,486.7"
398,TIGER 미국달러단기채권액티브,"12,515",하락,60,-0.48%,0,N/A,N/A,N/A,N/A,N/A,N/A
399,KODEX 국고채3년,"62,855",상승,45,+0.07%,0,N/A,N/A,N/A,N/A,N/A,N/A
400,PI첨단소재,"17,060",하락,580,-3.29%,500,952,17.92,7.16,4.47,1.50,"2,731.7"
401,SBS,"26,900",상승,950,+3.66%,"5,000",755,35.63,3.80,2.36,0.56,865.5
402,TIGER 테슬라채권혼합Fn,"13,805",하락,250,-1.78%,0,N/A,N/A,N/A,N/A,N/A,N/A
403,대한해운,"1,540",하락,15,-0.96%,500,465,3.31,8.93,3.54,0.24,770.1
404,OCI,"55,200",하락,100,-0.18%,"5,000","4,741",11.64,N/A,N/A,0.42,"2,588.9"
405,진에어,"9,410",하락,100,-1.05%,"1,000","1,401",6.72,51.15,8.78,1.75,363.1
406,KODEX 26-12 회사채(AA-이상)액티브,"10,795",보합,0,0.00%,0,N/A,N/A,N/A,N/A,N/A,N/A
407,엠씨넥스,"27,250",하락,50,-0.18%,500,"3,768",7.23,18.28,11.46,1.22,"4,113.2"
408,대신증권우,"18,700",하락,320,-1.68%,"5,000","1,607",11.64,N/A,N/A,0.41,N/A
409,KCC글라스,"30,400",하락,300,-0.98%,"1,000","1,042",29.17,2.48,1.57,0.33,"9,215.1"
410,LF,"16,410",하락,250,-1.50%,"5,000","2,610",6.29,4.87,3.20,0.29,996.2
411,일진하이솔루스,"13,210",상승,120,+0.92%,500,22,600.45,0.57,0.53,1.51,"1,648.5"
412,TIGER 우량회사채액티브,"117,370",상승,100,+0.09%,0,N/A,N/A,N/A,N/A,N/A,N/A
413,풀무원,"12,450",하락,200,-1.58%,500,820,15.18,11.40,1.53,1.55,647.9
414,KIWOOM 국고채10년,"116,555",상승,60,+0.05%,0,N/A,N/A,N/A,N/A,N/A,N/A
415,KODEX 미국AI전력핵심인프라,"13,535",하락,155,-1.13%,0,N/A,N/A,N/A,N/A,N/A,N/A
416,TIGER 200 IT,"26,625",상승,70,+0.26%,0,N/A,N/A,N/A,N/A,N/A,N/A
417,TIGER 미국달러SOFR금리액티브(합성),"56,800",하락,305,-0.53%,0,N/A,N/A,N/A,N/A,N/A,N/A
418,CJ4우(전환),"111,500",보합,0,0.00%,"5,000","2,785",40.04,N/A,N/A,0.69,N/A
419,고려제강,"17,410",하락,100,-0.57%,"1,000",571,30.49,1.95,1.30,0.26,"6,623.9"
420,TIGER 미국테크TOP10타겟커버드콜,"12,480",하락,160,-1.27%,0,N/A,N/A,N/A,N/A,N/A,N/A
421,신도리코,"46,550",하락,"2,600",-5.29%,"5,000","6,476",7.19,7.12,6.59,0.38,"2,065.9"
422,아모레퍼시픽우,"44,400",상승,300,+0.68%,500,"9,057",4.90,N/A,N/A,0.58,N/A
423,화승엔터프라이즈,"7,730",하락,100,-1.28%,500,575,13.44,6.38,2.37,0.91,"1,086.7"
424,풍산홀딩스,"32,400",상승,400,+1.25%,"5,000","7,062",4.59,9.41,7.95,0.41,"1,212.5"
425,SPC삼립,"53,100",상승,300,+0.57%,"5,000","10,076",5.27,19.25,6.83,0.91,"1,101.2"
426,남양유업,"73,700",하락,"1,700",-2.25%,500,791,93.17,0.04,0.03,0.96,"14,336.6"
427,후성,"4,195",하락,15,-0.36%,500,-586,-7.16,-21.71,-9.93,1.41,495.9
428,동아에스티,"48,000",하락,500,-1.03%,"5,000",-85,-564.71,-0.18,-1.74,0.67,"1,088.1"
429,삼성 레버리지 WTI원유 선물 ETN,"1,107",상승,52,+4.93%,0,N/A,N/A,N/A,N/A,N/A,N/A
430,TCC스틸,"17,030",하락,310,-1.79%,"1,000",819,20.79,8.30,3.57,1.77,772.1
431,RISE KIS국고채30년Enhanced,"82,990",하락,290,-0.35%,0,N/A,N/A,N/A,N/A,N/A,N/A
432,쏘카,"13,500",상승,80,+0.60%,100,-542,-24.91,-15.69,-4.73,2.45,"5,038.8"
433,한국금융지주우,"75,500",하락,"2,000",-2.58%,"5,000","16,883",4.47,N/A,N/A,0.46,N/A
434,KODEX 200타겟위클리커버드콜,"9,850",하락,5,-0.05%,0,N/A,N/A,N/A,N/A,N/A,N/A
435,NICE,"11,910",하락,20,-0.17%,500,"1,317",9.04,6.27,2.88,0.56,"3,997.6"
436,KODEX 코스피,"27,525",상승,20,+0.07%,0,N/A,N/A,N/A,N/A,N/A,N/A
437,KODEX 인도Nifty50,"13,530",하락,110,-0.81%,0,N/A,N/A,N/A,N/A,N/A,N/A
438,티웨이항공,"2,035",하락,5,-0.25%,500,-736,-2.76,-55.03,-4.63,12.92,-26.1
439,DS단석,"24,900",하락,550,-2.16%,500,-314,-79.30,-3.29,-1.42,1.53,"1,920.2"
440,동국제강,"8,810",하락,340,-3.72%,"5,000",164,53.72,2.04,1.04,0.26,470.8
441,KODEX 미국반도체,"22,300",하락,640,-2.79%,0,N/A,N/A,N/A,N/A,N/A,N/A
442,KODEX 자동차,"16,960",하락,190,-1.11%,0,N/A,N/A,N/A,N/A,N/A,N/A
443,ACE 200,"36,260",하락,80,-0.22%,0,N/A,N/A,N/A,N/A,N/A,N/A
444,TIMEFOLIO 글로벌AI인공지능액티브,"25,465",하락,285,-1.11%,0,N/A,N/A,N/A,N/A,N/A,N/A
445,아세아시멘트,"11,620",상승,230,+2.02%,500,"1,709",6.80,7.65,3.71,0.39,"5,551.2"
446,현대차증권,"6,970",하락,180,-2.52%,"5,000",813,8.57,2.80,0.31,0.24,572.0
447,세아제강,"151,900",하락,"17,100",-10.12%,"5,000","43,046",3.53,N/A,N/A,0.38,"7,762.7"
448,코람코라이프인프라리츠,"4,415",상승,25,+0.57%,500,387,11.41,4.96,1.87,0.89,930.7
449,RISE 미국30년국채엔화노출(합성 H),"8,280",하락,55,-0.66%,0,N/A,N/A,N/A,N/A,N/A,N/A
450,코오롱,"34,000",하락,900,-2.58%,"5,000","11,430",2.97,12.49,2.57,0.28,"1,729.8"
451,TIGER 27-04회사채(A+이상)액티브,"53,310",상승,15,+0.03%,0,N/A,N/A,N/A,N/A,N/A,N/A
452,한세실업,"10,720",하락,380,-3.42%,500,"1,235",8.68,8.58,4.39,0.61,"3,350.2"
453,신성통상,"2,965",하락,10,-0.34%,500,454,6.53,16.24,6.61,0.83,582.2
454,명신산업,"8,110",하락,250,-2.99%,500,"2,048",3.96,20.95,11.45,0.60,"2,477.4"
455,스틱인베스트먼트,"10,190",하락,770,-7.03%,500,224,45.49,3.72,3.40,1.48,"1,204.5"
456,디아이,"14,920",하락,210,-1.39%,500,276,54.06,0.72,0.92,2.49,826.5
457,TIGER 미국S&P500(H),"13,980",하락,70,-0.50%,0,N/A,N/A,N/A,N/A,N/A,N/A
458,삼성FN리츠,"4,620",상승,5,+0.11%,500,29,159.31,0.66,0.32,1.01,813.9
459,KODEX 미국나스닥100(H),"16,480",하락,95,-0.57%,0,N/A,N/A,N/A,N/A,N/A,N/A
460,콜마홀딩스,"12,130",하락,410,-3.27%,500,572,21.21,4.09,2.59,0.70,"3,185.7"
461,비에이치,"11,970",하락,210,-1.72%,500,791,15.13,9.90,6.44,0.55,"4,184.5"
462,KIWOOM 종합채권(AA-이상)액티브,"109,500",상승,70,+0.06%,0,N/A,N/A,N/A,N/A,N/A,N/A
463,드림텍,"5,960",하락,160,-2.61%,100,-17,-350.59,0.95,1.50,1.03,"5,400.9"
464,YG PLUS,"6,430",상승,230,+3.71%,500,127,50.63,0.73,0.86,2.39,412.2
465,KODEX 국고채10년액티브,"114,285",상승,5,0.00%,0,N/A,N/A,N/A,N/A,N/A,N/A
466,KB스타리츠,"4,000",하락,5,-0.12%,500,187,21.39,4.54,1.81,1.06,673.9
467,맵스리얼티1,"4,350",상승,5,+0.12%,0,N/A,N/A,N/A,N/A,N/A,N/A
468,KODEX 미국배당커버드콜액티브,"11,175",하락,65,-0.58%,0,N/A,N/A,N/A,N/A,N/A,N/A
469,영진약품,"2,170",하락,35,-1.59%,500,-10,-217.00,1.37,0.54,4.37,-1.8
470,TIGER 2차전지소재Fn,"3,200",하락,45,-1.39%,0,N/A,N/A,N/A,N/A,N/A,N/A
471,애경산업,"15,000",하락,120,-0.79%,"1,000","1,290",11.63,10.81,8.66,0.97,"1,530.3"
472,넥스틸,"15,190",하락,510,-3.25%,500,"2,100",7.23,7.64,5.20,0.83,"3,433.7"
473,세아홀딩스,"98,600",하락,300,-0.30%,"5,000","8,013",12.31,1.53,0.58,0.18,"10,667.1"
474,BGF,"4,120",하락,140,-3.29%,"1,000",909,4.53,5.43,4.24,0.23,"1,722.4"
475,신대양제지,"9,720",상승,170,+1.78%,500,725,13.41,6.00,3.80,0.49,"3,155.9"
476,대한제강,"16,710",하락,290,-1.71%,"1,000","1,552",10.77,4.91,3.53,0.36,"3,404.3"
477,더본코리아,"26,350",상승,650,+2.53%,500,"2,591",10.17,15.52,11.05,1.44,"3,312.8"
478,수산인더스트리,"26,850",상승,800,+3.07%,200,"2,745",9.78,7.77,6.41,0.74,"17,939.8"
479,KODEX 미국AI테크TOP10타겟커버드콜,"9,960",하락,145,-1.43%,0,N/A,N/A,N/A,N/A,N/A,N/A
480,조광피혁,"57,600",하락,"1,400",-2.37%,"5,000","1,750",32.91,2.58,2.24,0.36,840.3
481,신한 레버리지 WTI원유 선물 ETN(H),762,상승,41,+5.69%,0,N/A,N/A,N/A,N/A,N/A,N/A
482,흥아해운,"1,579",하락,1,-0.06%,500,159,9.93,20.08,10.39,1.64,93.4
483,KIWOOM 200,"36,015",하락,40,-0.11%,0,N/A,N/A,N/A,N/A,N/A,N/A
484,TIGER 미국나스닥100커버드콜(합성),"9,700",하락,25,-0.26%,0,N/A,N/A,N/A,N/A,N/A,N/A
485,HL홀딩스,"39,650",하락,700,-1.73%,"5,000","-2,091",-18.96,1.91,0.85,0.35,"1,811.6"
486,지누스,"16,740",하락,720,-4.12%,500,"1,136",14.74,-1.05,-0.61,0.53,"5,078.3"
487,신세계인터내셔날,"10,480",하락,440,-4.03%,"1,000",688,15.23,3.85,2.46,0.44,"2,297.9"
488,ACE 미국S&P500채권혼합액티브,"12,495",하락,75,-0.60%,0,N/A,N/A,N/A,N/A,N/A,N/A
489,RISE 200위클리커버드콜,"8,280",보합,0,0.00%,0,N/A,N/A,N/A,N/A,N/A,N/A
490,한전산업,"11,320",하락,140,-1.22%,500,352,32.16,10.59,5.49,3.37,602.5
491,KODEX 미국달러SOFR금리액티브(합성),"11,770",하락,20,-0.17%,0,N/A,N/A,N/A,N/A,N/A,N/A
492,TIGER CD금리플러스액티브(합성),"1,000,505",상승,70,+0.01%,0,N/A,N/A,N/A,N/A,N/A,N/A
493,사조대림,"40,000",하락,"1,500",-3.61%,"5,000","7,690",5.20,14.27,5.66,0.49,"1,469.0"
494,대상홀딩스,"10,090",상승,240,+2.44%,"1,000",349,28.91,2.70,1.86,0.50,"2,006.5"
495,남해화학,"7,310",상승,90,+1.25%,"1,000",498,14.68,4.84,2.68,0.65,978.6
496,한섬,"16,030",하락,80,-0.50%,500,"1,670",9.60,3.19,2.50,0.24,"11,628.8"
497,RISE 단기통안채,"115,250",보합,0,0.00%,0,N/A,N/A,N/A,N/A,N/A,N/A
498,엘브이엠씨홀딩스,"1,856",하락,38,-2.01%,0,7,265.14,0.28,0.61,0.69,688.9
499,부국증권,"34,400",하락,"2,550",-6.90%,"5,000","2,315",14.86,4.05,1.81,0.40,"1,139.7"
500,HANARO 200,"36,200",상승,5,+0.01%,0,N/A,N/A,N/A,N/A,N/A,N/A
